-- MySQL dump 10.13  Distrib 8.0.24, for Win64 (x86_64)
--
-- Host: localhost    Database: telegram
-- ------------------------------------------------------
-- Server version	8.0.24

/*!40101 SET @OLD_CHARACTER_SET_CLIENT=@@CHARACTER_SET_CLIENT */;
/*!40101 SET @OLD_CHARACTER_SET_RESULTS=@@CHARACTER_SET_RESULTS */;
/*!40101 SET @OLD_COLLATION_CONNECTION=@@COLLATION_CONNECTION */;
/*!50503 SET NAMES utf8 */;
/*!40103 SET @OLD_TIME_ZONE=@@TIME_ZONE */;
/*!40103 SET TIME_ZONE='+00:00' */;
/*!40014 SET @OLD_UNIQUE_CHECKS=@@UNIQUE_CHECKS, UNIQUE_CHECKS=0 */;
/*!40014 SET @OLD_FOREIGN_KEY_CHECKS=@@FOREIGN_KEY_CHECKS, FOREIGN_KEY_CHECKS=0 */;
/*!40101 SET @OLD_SQL_MODE=@@SQL_MODE, SQL_MODE='NO_AUTO_VALUE_ON_ZERO' */;
/*!40111 SET @OLD_SQL_NOTES=@@SQL_NOTES, SQL_NOTES=0 */;

--
-- Table structure for table `animation`
--

DROP TABLE IF EXISTS `animation`;
/*!40101 SET @saved_cs_client     = @@character_set_client */;
/*!50503 SET character_set_client = utf8mb4 */;
CREATE TABLE `animation` (
  `id` int unsigned NOT NULL AUTO_INCREMENT,
  `file_name` varchar(100) CHARACTER SET utf8mb4 COLLATE utf8mb4_unicode_ci NOT NULL,
  `file_size` int NOT NULL,
  `mime_type` varchar(45) CHARACTER SET utf8mb4 COLLATE utf8mb4_unicode_ci NOT NULL,
  `duration` int NOT NULL,
  `width` int NOT NULL,
  `height` int NOT NULL,
  PRIMARY KEY (`id`)
) ENGINE=InnoDB AUTO_INCREMENT=101 DEFAULT CHARSET=utf8mb4 COLLATE=utf8mb4_unicode_ci;
/*!40101 SET character_set_client = @saved_cs_client */;

--
-- Dumping data for table `animation`
--

LOCK TABLES `animation` WRITE;
/*!40000 ALTER TABLE `animation` DISABLE KEYS */;
INSERT INTO `animation` VALUES (1,'blanditiis',536483,' mov',4,711,639),(2,'veniam',5,'mp4',6,312,618),(3,'qui',60,' mov',5,310,991),(4,'excepturi',990403121,'mp4',1,655,311),(5,'eveniet',54,'mp4',6,140,800),(6,'voluptatum',693721741,' avi',3,376,738),(7,'quam',3,'mp4',8,997,861),(8,'dignissimos',5,'mp4',6,40,618),(9,'non',293940,' avi',3,854,381),(10,'corporis',130383,'mp4',8,545,349),(11,'ipsum',83,'mp4',4,228,665),(12,'ut',60110509,' avi',6,72,172),(13,'inventore',4460,'mp4',6,786,931),(14,'dolores',27205651,' avi',4,825,315),(15,'suscipit',994126,' avi',3,534,389),(16,'labore',262937,' avi',7,189,606),(17,'vel',2359,' avi',8,242,461),(18,'qui',81346,' mov',2,479,495),(19,'incidunt',819228,' mov',9,738,758),(20,'tenetur',60501,'mp4',1,936,366),(21,'qui',75,'mp4',8,5,907),(22,'provident',7,'mp4',9,703,679),(23,'laborum',37,' avi',0,92,289),(24,'laudantium',18,' avi',9,96,791),(25,'amet',63989,' avi',1,40,165),(26,'sint',117,' avi',2,129,183),(27,'voluptates',0,' avi',2,822,225),(28,'accusantium',6250,' avi',9,92,810),(29,'illum',41,' mov',2,930,903),(30,'ratione',42911149,' avi',3,818,607),(31,'quasi',17445708,' avi',4,652,70),(32,'neque',1355,' mov',9,869,950),(33,'voluptatem',2922355,' mov',9,703,188),(34,'modi',266,' avi',0,402,802),(35,'aut',0,' mov',4,477,443),(36,'doloremque',12786616,' avi',7,965,967),(37,'nulla',4279722,' avi',6,11,955),(38,'odio',235928683,' avi',8,7,38),(39,'enim',0,' mov',1,697,334),(40,'qui',4988,' mov',0,496,802),(41,'perspiciatis',2091578,' mov',7,382,193),(42,'dolorem',7,' avi',3,471,264),(43,'eum',6928,'mp4',9,937,411),(44,'laboriosam',8,' avi',6,611,221),(45,'veritatis',611,' avi',7,144,712),(46,'porro',3401,' avi',9,464,398),(47,'adipisci',0,'mp4',1,127,905),(48,'fugiat',62521060,' avi',9,749,50),(49,'commodi',65284,'mp4',2,721,200),(50,'impedit',75985,' mov',7,566,666),(51,'eos',979,' avi',7,616,734),(52,'et',94,' avi',3,498,35),(53,'esse',8301635,' avi',0,407,198),(54,'dicta',401062,'mp4',1,359,273),(55,'quam',35337011,' mov',6,652,275),(56,'nihil',0,' avi',3,339,292),(57,'molestias',14497,'mp4',0,435,999),(58,'iure',0,' mov',8,719,24),(59,'voluptate',0,' mov',5,919,632),(60,'accusantium',6,'mp4',9,589,422),(61,'aperiam',949544768,'mp4',0,102,975),(62,'voluptatem',9513361,' avi',5,45,815),(63,'sint',6,'mp4',9,582,198),(64,'praesentium',9,'mp4',4,363,441),(65,'necessitatibus',4959638,' avi',0,38,818),(66,'voluptatibus',883525086,' mov',7,515,360),(67,'rerum',821110,'mp4',0,431,506),(68,'libero',4,' mov',1,34,320),(69,'quis',63666,' mov',0,79,848),(70,'illum',4064639,' mov',5,152,816),(71,'temporibus',42612,'mp4',4,107,267),(72,'laborum',54144205,' avi',1,839,806),(73,'impedit',1876,' mov',7,391,966),(74,'ut',0,' avi',0,29,511),(75,'delectus',3135367,' mov',0,956,171),(76,'omnis',2,' mov',6,482,520),(77,'repellat',33824616,' mov',2,583,410),(78,'ea',7521278,' avi',8,996,738),(79,'mollitia',3496865,'mp4',1,958,312),(80,'suscipit',0,' avi',9,799,703),(81,'molestias',696137,' mov',5,361,325),(82,'maxime',36,' mov',6,435,752),(83,'ut',4372,'mp4',4,44,924),(84,'animi',90,' avi',2,721,238),(85,'nobis',79079,' mov',3,686,808),(86,'inventore',7,' mov',9,596,74),(87,'nostrum',3403648,' mov',3,258,533),(88,'ut',85743366,' mov',5,967,304),(89,'voluptatibus',54,' avi',5,338,54),(90,'ex',31,' mov',4,940,12),(91,'unde',710,'mp4',6,750,962),(92,'voluptates',697643123,' mov',0,785,210),(93,'molestias',277183485,' mov',3,157,990),(94,'dolorum',2059,'mp4',4,523,762),(95,'porro',34837,'mp4',8,901,271),(96,'aut',8926092,' mov',0,400,812),(97,'neque',275700860,' avi',4,533,561),(98,'aut',186526898,'mp4',1,889,513),(99,'est',67,'mp4',4,721,331),(100,'reiciendis',21527,'mp4',3,866,234);
/*!40000 ALTER TABLE `animation` ENABLE KEYS */;
UNLOCK TABLES;

--
-- Table structure for table `audio`
--

DROP TABLE IF EXISTS `audio`;
/*!40101 SET @saved_cs_client     = @@character_set_client */;
/*!50503 SET character_set_client = utf8mb4 */;
CREATE TABLE `audio` (
  `id` int unsigned NOT NULL AUTO_INCREMENT,
  `file_name` varchar(100) CHARACTER SET utf8mb4 COLLATE utf8mb4_unicode_ci NOT NULL,
  `file_size` int NOT NULL,
  `mime_type` varchar(45) CHARACTER SET utf8mb4 COLLATE utf8mb4_unicode_ci NOT NULL,
  `title` varchar(100) CHARACTER SET utf8mb4 COLLATE utf8mb4_unicode_ci NOT NULL,
  `performer` varchar(45) CHARACTER SET utf8mb4 COLLATE utf8mb4_unicode_ci NOT NULL,
  `duration` int NOT NULL,
  PRIMARY KEY (`id`)
) ENGINE=InnoDB AUTO_INCREMENT=31 DEFAULT CHARSET=utf8mb4 COLLATE=utf8mb4_unicode_ci;
/*!40101 SET character_set_client = @saved_cs_client */;

--
-- Dumping data for table `audio`
--

LOCK TABLES `audio` WRITE;
/*!40000 ALTER TABLE `audio` DISABLE KEYS */;
INSERT INTO `audio` VALUES (1,'expedita',0,' ogg','Porro quia a dolores qui est.','Manuela',6),(2,'consectetur',0,'mp3','Dolorem dolores labore temporibus sapiente cumque est et.','Gianni',1),(3,'natus',1371407,' wov','Dolorem molestias voluptatum voluptas ut omnis.','Alberto',7),(4,'numquam',16441432,'mp3','Illum inventore vitae labore minus animi aut sint.','Furman',1),(5,'delectus',234044,'mp3','Quia ut omnis culpa est velit.','Wendell',1),(6,'voluptatibus',5982244,' wov','Voluptates unde dicta porro.','Llewellyn',9),(7,'tempora',443555658,' ogg','Eligendi voluptatem eos qui quasi dolorem voluptatem reprehenderit.','Wilton',9),(8,'laboriosam',1,'mp3','Dicta repellendus culpa quam atque deleniti nostrum quas.','Ambrose',6),(9,'et',63,'mp3','Est deleniti dolor modi eius nihil blanditiis itaque a.','Drake',1),(10,'iure',948751,'mp3','Aliquid occaecati totam nobis non fuga voluptatum.','Frederik',2),(11,'reprehenderit',9967072,'mp3','Corrupti perspiciatis deleniti ea nihil ex exercitationem.','Erich',1),(12,'ex',588029372,' ogg','Modi unde occaecati voluptatem necessitatibus blanditiis.','Johnpaul',2),(13,'accusantium',0,' ogg','Est illum similique tempora omnis totam et.','Edward',4),(14,'aut',4319,'mp3','Qui hic quia sint odio ea natus.','Alford',1),(15,'aut',7114,' wov','Delectus repudiandae ipsa quae id in cumque voluptates quia.','Corbin',7),(16,'consectetur',770,' ogg','Et eos occaecati saepe ut.','Freeman',1),(17,'molestiae',0,' ogg','Deleniti eos sed optio dolorum.','Jonatan',5),(18,'deleniti',734568482,' ogg','Beatae est tempore aliquam non voluptatem rerum velit.','Alexys',4),(19,'enim',6,' ogg','Et officia labore et quis.','Jamal',6),(20,'dolores',97,'mp3','Quia non possimus vitae molestiae ut delectus eos.','Keanu',0),(21,'nostrum',27,' wov','Et unde velit voluptatem.','Lincoln',5),(22,'unde',53134,'mp3','Rerum suscipit aut non totam libero.','Randall',9),(23,'et',37,'mp3','Consequuntur blanditiis quidem voluptas veritatis molestiae.','Willard',2),(24,'et',8696088,'mp3','Impedit corrupti ut asperiores est in totam.','Porter',3),(25,'magnam',536792442,'mp3','Quas ab labore impedit deleniti.','Michel',6),(26,'et',563805466,' wov','Tenetur consequatur repellendus quis perspiciatis.','Delmer',8),(27,'aut',4033978,' ogg','Voluptatem in cupiditate voluptatem et.','Geo',3),(28,'nihil',5,' wov','Et cum voluptatibus ullam dolorem harum.','Jacques',5),(29,'nisi',464788,'mp3','Quia eos odio sit dolor.','Cristopher',3),(30,'fugiat',254723,'mp3','Earum beatae qui eveniet.','Alan',7);
/*!40000 ALTER TABLE `audio` ENABLE KEYS */;
UNLOCK TABLES;

--
-- Table structure for table `channel`
--

DROP TABLE IF EXISTS `channel`;
/*!40101 SET @saved_cs_client     = @@character_set_client */;
/*!50503 SET character_set_client = utf8mb4 */;
CREATE TABLE `channel` (
  `id` int unsigned NOT NULL AUTO_INCREMENT,
  `title` varchar(45) CHARACTER SET utf8mb4 COLLATE utf8mb4_unicode_ci NOT NULL,
  `type` bit(1) NOT NULL DEFAULT b'0' COMMENT '0 - частаня\n1 - публичная',
  `url` varchar(45) CHARACTER SET utf8mb4 COLLATE utf8mb4_unicode_ci NOT NULL,
  `description` varchar(45) CHARACTER SET utf8mb4 COLLATE utf8mb4_unicode_ci DEFAULT NULL,
  PRIMARY KEY (`id`),
  UNIQUE KEY `url_UNIQUE` (`url`)
) ENGINE=InnoDB AUTO_INCREMENT=21 DEFAULT CHARSET=utf8mb4 COLLATE=utf8mb4_unicode_ci;
/*!40101 SET character_set_client = @saved_cs_client */;

--
-- Dumping data for table `channel`
--

LOCK TABLES `channel` WRITE;
/*!40000 ALTER TABLE `channel` DISABLE KEYS */;
INSERT INTO `channel` VALUES (1,'Accusamus mollitia nemo aut et dolores.',_binary '','98845910',''),(2,'Magni vel est cum minus quia.',_binary '\0','77916013','Magni est eum quidem asperiores itaque. Exerc'),(3,'Qui voluptatibus est dicta corporis ex minus ',_binary '','07614118','Omnis et blanditiis doloremque temporibus dol'),(4,'Ratione at repudiandae nesciunt quam.',_binary '\0','00331487','Voluptatum quasi unde quisquam sed id velit c'),(5,'Mollitia inventore possimus quae nostrum nobi',_binary '','68804084',''),(6,'Consequatur unde velit sit magni repellendus ',_binary '','56983210',''),(7,'Rem aut nobis ea.',_binary '','86230315',''),(8,'Vel possimus eos soluta nulla nobis.',_binary '\0','94111354','Commodi et enim omnis nesciunt aut. Et atque '),(9,'Velit dolores repellat ipsum quas est magnam.',_binary '\0','47637634',''),(10,'Itaque facilis repudiandae in qui.',_binary '','29853236','Ea debitis porro voluptatum omnis commodi har'),(11,'Dolorem quo possimus reiciendis quia recusand',_binary '','95403717','Soluta voluptatum harum ut. Molestias et poss'),(12,'Natus iusto exercitationem nostrum perferendi',_binary '\0','06360719','In incidunt exercitationem ipsam. Rerum sunt '),(13,'Ex assumenda ut reprehenderit non facere enim',_binary '','19876573','Ad quas voluptatem est. Aut vitae voluptatibu'),(14,'Ipsam quo placeat ut.',_binary '\0','14826801',''),(15,'Eveniet veniam laborum quibusdam earum.',_binary '','77370280','Velit reprehenderit magni qui vero dolorum et'),(16,'Nulla aut nobis ex numquam quibusdam similiqu',_binary '','22936363',''),(17,'Aliquid rerum eius optio qui illum vel ut.',_binary '\0','45858321',''),(18,'Optio voluptatem earum recusandae.',_binary '\0','54862944','Sint voluptas fuga magnam eius aut. Inventore'),(19,'Accusamus rerum est qui sit eius eos id.',_binary '\0','17202541','Est aspernatur ullam perferendis ad. Fugiat s'),(20,'Sed exercitationem minima esse.',_binary '\0','02049878','Aut voluptas esse voluptate sint quia et. Mag');
/*!40000 ALTER TABLE `channel` ENABLE KEYS */;
UNLOCK TABLES;

--
-- Table structure for table `channel_subscriber`
--

DROP TABLE IF EXISTS `channel_subscriber`;
/*!40101 SET @saved_cs_client     = @@character_set_client */;
/*!50503 SET character_set_client = utf8mb4 */;
CREATE TABLE `channel_subscriber` (
  `channel_id` int unsigned NOT NULL,
  `user_id` int unsigned NOT NULL,
  `administrator` bit(1) NOT NULL DEFAULT b'0' COMMENT '0 - не Администратор,\n1 - Администратор',
  `ban` bit(1) NOT NULL DEFAULT b'0' COMMENT '0 - не в черном списке\n1 - в черном списке',
  PRIMARY KEY (`channel_id`,`user_id`),
  KEY `fk_channel_subscriber_user1_idx` (`user_id`),
  KEY `fk_channel_subscriber_channel1_idx` (`channel_id`),
  CONSTRAINT `fk_channel_subscriber_channel1` FOREIGN KEY (`channel_id`) REFERENCES `channel` (`id`),
  CONSTRAINT `fk_channel_subscriber_user1` FOREIGN KEY (`user_id`) REFERENCES `user` (`id`)
) ENGINE=InnoDB DEFAULT CHARSET=utf8mb4 COLLATE=utf8mb4_unicode_ci;
/*!40101 SET character_set_client = @saved_cs_client */;

--
-- Dumping data for table `channel_subscriber`
--

LOCK TABLES `channel_subscriber` WRITE;
/*!40000 ALTER TABLE `channel_subscriber` DISABLE KEYS */;
INSERT INTO `channel_subscriber` VALUES (1,3,_binary '\0',_binary '\0'),(1,5,_binary '\0',_binary '\0'),(1,8,_binary '\0',_binary '\0'),(1,10,_binary '',_binary '\0'),(1,13,_binary '\0',_binary ''),(1,14,_binary '',_binary '\0'),(1,15,_binary '',_binary '\0'),(1,18,_binary '',_binary ''),(1,22,_binary '',_binary '\0'),(1,25,_binary '\0',_binary '\0'),(1,27,_binary '\0',_binary '\0'),(1,28,_binary '\0',_binary '\0'),(2,7,_binary '',_binary '\0'),(2,8,_binary '',_binary '\0'),(2,9,_binary '\0',_binary '\0'),(2,10,_binary '',_binary '\0'),(2,12,_binary '\0',_binary '\0'),(2,13,_binary '',_binary '\0'),(2,14,_binary '',_binary '\0'),(2,16,_binary '',_binary '\0'),(2,18,_binary '\0',_binary '\0'),(2,20,_binary '\0',_binary '\0'),(2,21,_binary '',_binary ''),(2,22,_binary '\0',_binary ''),(2,25,_binary '\0',_binary '\0'),(2,28,_binary '',_binary '\0'),(3,1,_binary '',_binary ''),(3,2,_binary '\0',_binary '\0'),(3,3,_binary '',_binary '\0'),(3,5,_binary '\0',_binary '\0'),(3,6,_binary '\0',_binary '\0'),(3,10,_binary '\0',_binary '\0'),(3,14,_binary '',_binary '\0'),(3,15,_binary '',_binary '\0'),(3,16,_binary '',_binary '\0'),(3,17,_binary '',_binary '\0'),(3,18,_binary '',_binary '\0'),(3,24,_binary '',_binary '\0'),(3,30,_binary '\0',_binary '\0'),(4,2,_binary '\0',_binary ''),(4,7,_binary '',_binary ''),(4,8,_binary '\0',_binary '\0'),(4,9,_binary '\0',_binary '\0'),(4,10,_binary '\0',_binary ''),(4,13,_binary '\0',_binary '\0'),(4,26,_binary '\0',_binary '\0'),(4,27,_binary '',_binary '\0'),(4,28,_binary '',_binary '\0'),(4,30,_binary '\0',_binary ''),(5,1,_binary '',_binary ''),(5,5,_binary '\0',_binary '\0'),(5,6,_binary '',_binary '\0'),(5,8,_binary '',_binary '\0'),(5,9,_binary '\0',_binary '\0'),(5,15,_binary '',_binary '\0'),(5,16,_binary '',_binary '\0'),(5,20,_binary '\0',_binary '\0'),(5,22,_binary '',_binary ''),(5,24,_binary '',_binary '\0'),(5,27,_binary '\0',_binary '\0'),(5,28,_binary '\0',_binary '\0'),(6,2,_binary '\0',_binary '\0'),(6,5,_binary '',_binary '\0'),(6,6,_binary '',_binary ''),(6,9,_binary '\0',_binary '\0'),(6,13,_binary '',_binary ''),(6,15,_binary '',_binary '\0'),(6,16,_binary '',_binary '\0'),(6,19,_binary '',_binary '\0'),(6,20,_binary '\0',_binary '\0'),(6,22,_binary '\0',_binary ''),(6,24,_binary '\0',_binary '\0'),(6,25,_binary '',_binary '\0'),(6,30,_binary '\0',_binary '\0'),(7,4,_binary '\0',_binary '\0'),(7,6,_binary '',_binary '\0'),(7,10,_binary '\0',_binary ''),(7,11,_binary '',_binary '\0'),(7,12,_binary '\0',_binary '\0'),(7,13,_binary '',_binary ''),(7,17,_binary '',_binary ''),(7,23,_binary '\0',_binary ''),(7,24,_binary '\0',_binary '\0'),(7,26,_binary '\0',_binary '\0'),(7,29,_binary '\0',_binary ''),(8,1,_binary '',_binary '\0'),(8,5,_binary '\0',_binary '\0'),(8,6,_binary '\0',_binary ''),(8,8,_binary '',_binary '\0'),(8,9,_binary '\0',_binary '\0'),(8,10,_binary '\0',_binary '\0'),(8,15,_binary '',_binary '\0'),(8,16,_binary '',_binary ''),(8,20,_binary '\0',_binary '\0'),(8,21,_binary '\0',_binary '\0'),(8,26,_binary '',_binary '\0'),(8,27,_binary '',_binary ''),(8,30,_binary '\0',_binary '\0'),(9,3,_binary '\0',_binary '\0'),(9,4,_binary '',_binary ''),(9,11,_binary '\0',_binary ''),(9,13,_binary '\0',_binary '\0'),(9,17,_binary '\0',_binary '\0'),(9,19,_binary '\0',_binary '\0'),(9,21,_binary '',_binary ''),(9,24,_binary '\0',_binary '\0'),(9,25,_binary '\0',_binary '\0'),(9,27,_binary '\0',_binary '\0'),(9,28,_binary '',_binary ''),(9,30,_binary '\0',_binary '\0'),(10,2,_binary '',_binary ''),(10,3,_binary '',_binary '\0'),(10,4,_binary '',_binary '\0'),(10,5,_binary '\0',_binary ''),(10,8,_binary '',_binary ''),(10,10,_binary '',_binary '\0'),(10,12,_binary '',_binary '\0'),(10,14,_binary '\0',_binary '\0'),(10,15,_binary '\0',_binary ''),(10,18,_binary '',_binary '\0'),(10,19,_binary '\0',_binary '\0'),(10,20,_binary '',_binary '\0'),(10,23,_binary '',_binary '\0'),(10,28,_binary '',_binary ''),(11,4,_binary '\0',_binary '\0'),(11,6,_binary '\0',_binary ''),(11,9,_binary '\0',_binary '\0'),(11,10,_binary '',_binary ''),(11,11,_binary '\0',_binary '\0'),(11,13,_binary '\0',_binary ''),(11,19,_binary '',_binary '\0'),(11,21,_binary '\0',_binary '\0'),(11,22,_binary '',_binary '\0'),(11,23,_binary '\0',_binary '\0'),(11,28,_binary '',_binary ''),(11,30,_binary '\0',_binary ''),(12,2,_binary '\0',_binary ''),(12,3,_binary '\0',_binary '\0'),(12,6,_binary '\0',_binary '\0'),(12,10,_binary '\0',_binary ''),(12,11,_binary '',_binary ''),(12,13,_binary '',_binary ''),(12,15,_binary '\0',_binary '\0'),(12,16,_binary '',_binary '\0'),(12,18,_binary '\0',_binary '\0'),(12,20,_binary '',_binary '\0'),(12,25,_binary '',_binary '\0'),(12,26,_binary '\0',_binary '\0'),(13,11,_binary '',_binary ''),(13,16,_binary '\0',_binary '\0'),(13,18,_binary '\0',_binary '\0'),(13,20,_binary '',_binary '\0'),(13,21,_binary '\0',_binary '\0'),(13,23,_binary '\0',_binary '\0'),(13,25,_binary '\0',_binary ''),(13,26,_binary '\0',_binary ''),(13,27,_binary '',_binary ''),(13,28,_binary '',_binary '\0'),(13,29,_binary '\0',_binary '\0'),(13,30,_binary '',_binary '\0'),(14,5,_binary '\0',_binary '\0'),(14,6,_binary '\0',_binary '\0'),(14,10,_binary '',_binary '\0'),(14,11,_binary '\0',_binary '\0'),(14,14,_binary '\0',_binary '\0'),(14,15,_binary '\0',_binary '\0'),(14,16,_binary '',_binary '\0'),(14,21,_binary '\0',_binary '\0'),(14,22,_binary '\0',_binary '\0'),(14,25,_binary '',_binary '\0'),(14,26,_binary '',_binary ''),(15,1,_binary '\0',_binary ''),(15,3,_binary '\0',_binary '\0'),(15,4,_binary '\0',_binary '\0'),(15,5,_binary '\0',_binary ''),(15,10,_binary '',_binary ''),(15,13,_binary '',_binary '\0'),(15,17,_binary '\0',_binary ''),(15,18,_binary '',_binary '\0'),(15,19,_binary '\0',_binary ''),(15,20,_binary '',_binary ''),(15,23,_binary '',_binary '\0'),(15,25,_binary '',_binary '\0'),(15,27,_binary '\0',_binary '\0'),(15,29,_binary '\0',_binary ''),(16,1,_binary '\0',_binary ''),(16,2,_binary '\0',_binary '\0'),(16,12,_binary '',_binary '\0'),(16,15,_binary '',_binary '\0'),(16,18,_binary '',_binary '\0'),(16,20,_binary '\0',_binary '\0'),(16,23,_binary '\0',_binary ''),(16,24,_binary '\0',_binary '\0'),(16,26,_binary '\0',_binary '\0'),(16,27,_binary '\0',_binary '\0'),(16,28,_binary '\0',_binary '\0'),(16,29,_binary '',_binary ''),(17,4,_binary '\0',_binary ''),(17,5,_binary '',_binary '\0'),(17,6,_binary '\0',_binary '\0'),(17,9,_binary '',_binary '\0'),(17,10,_binary '',_binary '\0'),(17,12,_binary '',_binary '\0'),(17,15,_binary '',_binary '\0'),(17,16,_binary '',_binary '\0'),(17,19,_binary '',_binary '\0'),(17,23,_binary '',_binary ''),(17,26,_binary '\0',_binary '\0'),(17,27,_binary '\0',_binary ''),(17,29,_binary '\0',_binary '\0'),(17,30,_binary '',_binary '\0'),(18,5,_binary '',_binary ''),(18,6,_binary '\0',_binary '\0'),(18,9,_binary '\0',_binary '\0'),(18,12,_binary '',_binary ''),(18,13,_binary '',_binary '\0'),(18,22,_binary '',_binary '\0'),(18,23,_binary '',_binary '\0'),(18,24,_binary '',_binary '\0'),(18,26,_binary '',_binary '\0'),(18,28,_binary '\0',_binary '\0'),(18,30,_binary '',_binary '\0'),(19,2,_binary '',_binary '\0'),(19,3,_binary '\0',_binary '\0'),(19,5,_binary '\0',_binary '\0'),(19,7,_binary '',_binary '\0'),(19,9,_binary '\0',_binary ''),(19,12,_binary '\0',_binary '\0'),(19,20,_binary '\0',_binary '\0'),(19,22,_binary '\0',_binary '\0'),(19,23,_binary '',_binary '\0'),(19,24,_binary '',_binary '\0'),(19,30,_binary '\0',_binary '\0'),(20,3,_binary '',_binary '\0'),(20,8,_binary '',_binary '\0'),(20,10,_binary '\0',_binary '\0'),(20,15,_binary '',_binary '\0'),(20,18,_binary '\0',_binary '\0'),(20,20,_binary '',_binary '\0'),(20,23,_binary '\0',_binary ''),(20,24,_binary '',_binary '\0'),(20,27,_binary '\0',_binary '\0'),(20,29,_binary '',_binary '\0'),(20,30,_binary '\0',_binary '\0');
/*!40000 ALTER TABLE `channel_subscriber` ENABLE KEYS */;
UNLOCK TABLES;

--
-- Table structure for table `chat`
--

DROP TABLE IF EXISTS `chat`;
/*!40101 SET @saved_cs_client     = @@character_set_client */;
/*!50503 SET character_set_client = utf8mb4 */;
CREATE TABLE `chat` (
  `id` int unsigned NOT NULL AUTO_INCREMENT,
  `user_id` int unsigned DEFAULT NULL,
  `group_id` int unsigned DEFAULT NULL,
  `channel_id` int unsigned DEFAULT NULL,
  PRIMARY KEY (`id`),
  KEY `fk_chat_user1_idx` (`user_id`),
  KEY `fk_chat_group1_idx` (`group_id`),
  KEY `fk_chat_channel1_idx` (`channel_id`),
  CONSTRAINT `fk_chat_channel1` FOREIGN KEY (`channel_id`) REFERENCES `channel` (`id`),
  CONSTRAINT `fk_chat_group1` FOREIGN KEY (`group_id`) REFERENCES `group` (`id`),
  CONSTRAINT `fk_chat_user1` FOREIGN KEY (`user_id`) REFERENCES `user` (`id`)
) ENGINE=InnoDB AUTO_INCREMENT=71 DEFAULT CHARSET=utf8mb4 COLLATE=utf8mb4_unicode_ci;
/*!40101 SET character_set_client = @saved_cs_client */;

--
-- Dumping data for table `chat`
--

LOCK TABLES `chat` WRITE;
/*!40000 ALTER TABLE `chat` DISABLE KEYS */;
INSERT INTO `chat` VALUES (1,1,NULL,NULL),(2,2,NULL,NULL),(3,3,NULL,NULL),(4,4,NULL,NULL),(5,5,NULL,NULL),(6,6,NULL,NULL),(7,7,NULL,NULL),(8,8,NULL,NULL),(9,9,NULL,NULL),(10,10,NULL,NULL),(11,11,NULL,NULL),(12,12,NULL,NULL),(13,13,NULL,NULL),(14,14,NULL,NULL),(15,15,NULL,NULL),(16,16,NULL,NULL),(17,17,NULL,NULL),(18,18,NULL,NULL),(19,19,NULL,NULL),(20,20,NULL,NULL),(21,21,NULL,NULL),(22,22,NULL,NULL),(23,23,NULL,NULL),(24,24,NULL,NULL),(25,25,NULL,NULL),(26,26,NULL,NULL),(27,27,NULL,NULL),(28,28,NULL,NULL),(29,29,NULL,NULL),(30,30,NULL,NULL),(31,NULL,1,NULL),(32,NULL,2,NULL),(33,NULL,3,NULL),(34,NULL,4,NULL),(35,NULL,5,NULL),(36,NULL,6,NULL),(37,NULL,7,NULL),(38,NULL,8,NULL),(39,NULL,9,NULL),(40,NULL,10,NULL),(41,NULL,11,NULL),(42,NULL,12,NULL),(43,NULL,13,NULL),(44,NULL,14,NULL),(45,NULL,15,NULL),(46,NULL,16,NULL),(47,NULL,17,NULL),(48,NULL,18,NULL),(49,NULL,19,NULL),(50,NULL,20,NULL),(51,NULL,NULL,1),(52,NULL,NULL,2),(53,NULL,NULL,3),(54,NULL,NULL,4),(55,NULL,NULL,5),(56,NULL,NULL,6),(57,NULL,NULL,7),(58,NULL,NULL,8),(59,NULL,NULL,9),(60,NULL,NULL,10),(61,NULL,NULL,11),(62,NULL,NULL,12),(63,NULL,NULL,13),(64,NULL,NULL,14),(65,NULL,NULL,15),(66,NULL,NULL,16),(67,NULL,NULL,17),(68,NULL,NULL,18),(69,NULL,NULL,19),(70,NULL,NULL,20);
/*!40000 ALTER TABLE `chat` ENABLE KEYS */;
UNLOCK TABLES;

--
-- Table structure for table `contact_book`
--

DROP TABLE IF EXISTS `contact_book`;
/*!40101 SET @saved_cs_client     = @@character_set_client */;
/*!50503 SET character_set_client = utf8mb4 */;
CREATE TABLE `contact_book` (
  `user_id` int unsigned NOT NULL,
  `contact` int unsigned NOT NULL,
  `first_name` varchar(100) CHARACTER SET utf8mb4 COLLATE utf8mb4_unicode_ci NOT NULL,
  `last_name` varchar(100) CHARACTER SET utf8mb4 COLLATE utf8mb4_unicode_ci DEFAULT NULL,
  `created_at` datetime NOT NULL DEFAULT CURRENT_TIMESTAMP,
  `updated_at` datetime DEFAULT NULL ON UPDATE CURRENT_TIMESTAMP,
  `deleted_at` datetime DEFAULT NULL,
  PRIMARY KEY (`user_id`,`contact`),
  KEY `fk_contact_book_user_idx` (`user_id`),
  KEY `fk_contact_book_user1_idx` (`contact`),
  CONSTRAINT `fk_contact_book_user` FOREIGN KEY (`user_id`) REFERENCES `user` (`id`),
  CONSTRAINT `fk_contact_book_user1` FOREIGN KEY (`contact`) REFERENCES `user` (`id`)
) ENGINE=InnoDB DEFAULT CHARSET=utf8mb4 COLLATE=utf8mb4_unicode_ci;
/*!40101 SET character_set_client = @saved_cs_client */;

--
-- Dumping data for table `contact_book`
--

LOCK TABLES `contact_book` WRITE;
/*!40000 ALTER TABLE `contact_book` DISABLE KEYS */;
INSERT INTO `contact_book` VALUES (1,4,'Layla','Gislason','1999-09-11 00:35:39','2021-07-31 19:31:18',NULL),(1,6,'Jalon','Larson','2000-06-16 22:09:52','2021-07-31 19:31:18',NULL),(1,10,'Carmel','Bednar','2019-11-03 12:36:14','2021-07-31 19:31:18',NULL),(1,12,'Madyson','Ritchie','1979-11-05 09:35:32','2021-07-31 19:31:18',NULL),(2,16,'Malinda','Witting','2015-01-08 16:01:48','2021-07-31 19:31:18',NULL),(2,21,'Jannie','Champlin','1998-04-05 06:44:46','2021-07-31 19:31:18',NULL),(2,29,'Emmy','Vandervort','1973-05-08 22:52:29','2021-07-31 19:31:18',NULL),(2,30,'Britney','Hettinger','1993-10-10 15:59:20','2021-07-31 19:31:18',NULL),(3,11,'Sterling','Stehr','2013-10-15 17:44:04','2021-07-31 19:31:18',NULL),(3,17,'Thaddeus','Wolff','1977-05-25 12:38:44','2021-07-31 19:31:18',NULL),(3,20,'Savanah','Barton','1986-08-05 07:02:35','2021-07-31 19:31:18',NULL),(3,30,'Leora','Ryan','1996-11-02 09:51:06','2021-07-31 19:31:18',NULL),(4,11,'Rowland','Ortiz','2000-10-07 10:19:11','2021-07-31 19:31:18',NULL),(4,20,'Martin','Haag','2019-09-03 07:09:31','2021-07-31 19:31:18',NULL),(4,21,'Kavon','Rath','2009-08-27 11:50:17','2021-07-31 19:31:18',NULL),(4,26,'Cloyd','McLaughlin','2007-01-21 08:26:34','2021-07-31 19:31:18',NULL),(5,2,'Bell','Stoltenberg','1989-12-04 12:03:18','2021-07-31 19:31:18',NULL),(5,19,'Annabelle','Schinner','2007-02-25 12:46:01','2021-07-31 19:31:18',NULL),(5,23,'Icie','Beier','2015-10-25 06:31:54','2021-07-31 19:31:18',NULL),(5,25,'Tamia','Klein','1991-04-01 03:03:33','2021-07-31 19:31:18',NULL),(6,12,'Kasey','Ruecker','2009-08-20 11:06:37','2021-07-31 19:31:18',NULL),(6,16,'Lesley','Berge','1979-08-08 13:43:51','2021-07-31 19:31:18',NULL),(6,22,'Jennie','Heaney','1980-04-29 21:13:20','2021-07-31 19:31:18',NULL),(6,30,'Ivah','Spencer','2004-11-15 03:05:14','2021-07-31 19:31:18',NULL),(7,3,'Kasandra','McLaughlin','1981-09-19 16:14:11','2021-07-31 19:31:18',NULL),(7,6,'Beth','Considine','1990-04-01 04:02:31','2021-07-31 19:31:18',NULL),(7,11,'Nasir','Anderson','2020-12-27 16:12:29','2021-07-31 19:31:18',NULL),(7,20,'Nathan','Morissette','1979-10-21 06:41:44','2021-07-31 19:31:18',NULL),(8,4,'Misael','Towne','2006-07-01 03:29:02','2021-07-31 19:31:18',NULL),(8,5,'Antonetta','Gaylord','1975-01-15 01:53:46','2021-07-31 19:31:18',NULL),(8,10,'Erik','Harris','1977-11-21 06:40:07','2021-07-31 19:31:18',NULL),(8,25,'Luciano','Runolfsson','2007-10-13 13:01:43','2021-07-31 19:31:18',NULL),(9,2,'Casimir','Ortiz','1996-10-05 02:22:57','2021-07-31 19:31:18',NULL),(9,17,'Kiara','Hodkiewicz','2000-03-05 15:21:19','2021-07-31 19:31:18',NULL),(9,24,'Blair','Farrell','1991-09-16 16:25:32','2021-07-31 19:31:18',NULL),(9,26,'Destinee','Murray','2003-01-31 17:35:38','2021-07-31 19:31:18',NULL),(10,4,'Eunice','Reinger','2006-12-18 08:27:18','2021-07-31 19:31:18',NULL),(10,6,'Destiny','Sawayn','1973-04-13 12:54:25','2021-07-31 19:31:18',NULL),(10,13,'Earline','Dibbert','1984-09-27 15:01:24','2021-07-31 19:31:18',NULL),(10,17,'Johnny','Kihn','1989-10-01 06:21:14','2021-07-31 19:31:18',NULL),(11,12,'Sebastian','Strosin','1982-10-26 06:14:33','2021-07-31 19:31:18',NULL),(11,20,'Phyllis','Abshire','1997-01-30 16:39:31','2021-07-31 19:31:18',NULL),(12,5,'Adele','Hickle','1995-07-15 19:29:43','2021-07-31 19:31:18',NULL),(12,20,'Lenora','Bailey','1992-06-04 22:23:30','2021-07-31 19:31:18',NULL),(12,21,'Nasir','Spencer','1981-05-05 09:00:40','2021-07-31 19:31:18',NULL),(13,4,'Candelario','Strosin','1984-01-27 04:43:43','2021-07-31 19:31:18',NULL),(13,25,'Jacey','Runolfsdottir','2004-09-12 13:56:13','2021-07-31 19:31:18',NULL),(13,26,'Paris','Hammes','2010-12-04 09:45:55','2021-07-31 19:31:18',NULL),(14,6,'Delilah','O\'Keefe','2004-05-24 22:09:59','2021-07-31 19:31:18',NULL),(14,16,'Lauryn','Jones','2009-01-21 12:23:22','2021-07-31 19:31:18',NULL),(14,26,'Willis','Metz','2010-05-19 22:12:46','2021-07-31 19:31:18',NULL),(15,17,'Cathrine','Daniel','1972-09-19 17:54:35','2021-07-31 19:31:18',NULL),(15,20,'Carlee','Larkin','2012-12-17 05:31:15','2021-07-31 19:31:18',NULL),(15,26,'Fredy','Herzog','1998-05-04 09:58:00','2021-07-31 19:31:18',NULL),(16,11,'Marietta','Johnson','1983-08-17 10:00:19','2021-07-31 19:31:18',NULL),(16,13,'Effie','Monahan','1989-02-26 23:41:42','2021-07-31 19:31:18',NULL),(16,21,'Aiden','Mayert','2014-01-05 10:33:26','2021-07-31 19:31:18',NULL),(17,22,'Herbert','Waters','2016-01-17 20:47:07','2021-07-31 19:31:18',NULL),(17,27,'Ricardo','Weimann','1984-10-17 15:31:30','2021-07-31 19:31:18',NULL),(17,28,'Breanne','Davis','1983-06-19 06:33:38','2021-07-31 19:31:18',NULL),(18,8,'Myrtis','Rath','2007-03-29 03:58:13','2021-07-31 19:31:18',NULL),(18,16,'Eden','Bergnaum','1977-01-07 17:14:51','2021-07-31 19:31:18',NULL),(19,6,'Merle','Rempel','2013-04-18 13:46:41','2021-07-31 19:31:18',NULL),(19,26,'Lesley','Tromp','1976-08-29 00:27:33','2021-07-31 19:31:18',NULL),(20,3,'Twila','Schuppe','1974-05-23 18:07:57','2021-07-31 19:31:18',NULL),(20,24,'Ludwig','Orn','2001-12-16 19:52:29','2021-07-31 19:31:18',NULL),(20,27,'Ariel','Kris','2005-07-03 03:30:48','2021-07-31 19:31:18',NULL),(21,5,'Bernhard','Zieme','1971-08-29 17:31:42','2021-07-31 19:31:18',NULL),(21,9,'Cletus','Schmeler','1974-04-01 09:42:44','2021-07-31 19:31:18',NULL),(21,11,'Haylee','Purdy','1999-11-14 02:17:31','2021-07-31 19:31:18',NULL),(22,15,'Darron','Huel','1983-01-30 09:13:45','2021-07-31 19:31:18',NULL),(22,23,'Tiana','Goyette','1996-02-26 22:53:03','2021-07-31 19:31:18',NULL),(22,28,'Rebekah','Turner','1986-06-22 11:20:52','2021-07-31 19:31:18',NULL),(23,16,'Josianne','Collins','2020-02-25 15:57:32','2021-07-31 19:31:18',NULL),(23,18,'Ezra','Donnelly','1996-01-13 03:03:14','2021-07-31 19:31:18',NULL),(23,21,'Okey','Denesik','2014-06-09 14:38:50','2021-07-31 19:31:18',NULL),(24,2,'Alycia','Walker','1985-06-07 08:35:49','2021-07-31 19:31:18',NULL),(24,11,'Margarete','Upton','1978-03-21 08:27:03','2021-07-31 19:31:18',NULL),(24,20,'Makayla','Koelpin','1990-06-05 21:26:41','2021-07-31 19:31:18',NULL),(25,2,'Lola','Ferry','2015-03-17 17:52:29','2021-07-31 19:31:18',NULL),(25,12,'Rosetta','Koepp','1973-01-25 04:48:43','2021-07-31 19:31:18',NULL),(26,13,'Nash','Flatley','2007-07-25 20:19:31','2021-07-31 19:31:18',NULL),(26,22,'Leslie','Rempel','1973-08-11 14:01:46','2021-07-31 19:31:18',NULL),(26,28,'Alexie','Pollich','1975-08-02 07:42:49','2021-07-31 19:31:18',NULL),(27,3,'Alford','Bartoletti','1973-03-18 01:42:47','2021-07-31 19:31:18',NULL),(27,17,'Neil','Harber','1972-12-27 08:35:10','2021-07-31 19:31:18',NULL),(27,24,'Marianne','Vandervort','2002-05-28 17:30:00','2021-07-31 19:31:18',NULL),(28,3,'Michale','Steuber','1970-10-20 19:17:54','2021-07-31 19:31:18',NULL),(28,29,'Annalise','Botsford','1975-06-17 11:24:49','2021-07-31 19:31:18',NULL),(29,10,'Kyleigh','Tromp','1987-11-19 16:53:55','2021-07-31 19:31:18',NULL),(29,24,'Reilly','Murray','2011-10-15 20:34:07','2021-07-31 19:31:18',NULL),(29,26,'Marlin','Willms','1979-10-04 10:46:48','2021-07-31 19:31:18',NULL),(30,12,'Betsy','Lockman','1974-02-14 08:09:37','2021-07-31 19:31:18',NULL),(30,14,'Charlotte','Harber','2009-09-02 09:03:46','2021-07-31 19:31:18',NULL),(30,18,'Jadon','Steuber','1970-12-10 16:25:25','2021-07-31 19:31:18',NULL);
/*!40000 ALTER TABLE `contact_book` ENABLE KEYS */;
UNLOCK TABLES;

--
-- Table structure for table `document`
--

DROP TABLE IF EXISTS `document`;
/*!40101 SET @saved_cs_client     = @@character_set_client */;
/*!50503 SET character_set_client = utf8mb4 */;
CREATE TABLE `document` (
  `id` int unsigned NOT NULL AUTO_INCREMENT,
  `file_name` varchar(100) CHARACTER SET utf8mb4 COLLATE utf8mb4_unicode_ci NOT NULL,
  `file_size` int NOT NULL,
  `mime_type` varchar(45) CHARACTER SET utf8mb4 COLLATE utf8mb4_unicode_ci NOT NULL,
  PRIMARY KEY (`id`)
) ENGINE=InnoDB AUTO_INCREMENT=41 DEFAULT CHARSET=utf8mb4 COLLATE=utf8mb4_unicode_ci;
/*!40101 SET character_set_client = @saved_cs_client */;

--
-- Dumping data for table `document`
--

LOCK TABLES `document` WRITE;
/*!40000 ALTER TABLE `document` DISABLE KEYS */;
INSERT INTO `document` VALUES (1,'iusto',3127,' java'),(2,'possimus',226375,' txt'),(3,'aperiam',0,' py'),(4,'harum',0,' java'),(5,'sint',71,' py'),(6,'consectetur',326,' txt'),(7,'qui',712,' py'),(8,'aut',529134,'sql'),(9,'iste',7620058,' java'),(10,'facere',2126771,' java'),(11,'doloribus',821671505,' py'),(12,'beatae',78,' py'),(13,'est',706093,' py'),(14,'velit',94413,' java'),(15,'non',26,' py'),(16,'aut',5,' py'),(17,'quas',1,' java'),(18,'deserunt',35096,' js'),(19,'aut',205377818,' py'),(20,'quos',1273,' java'),(21,'sed',59099521,'sql'),(22,'necessitatibus',51,'sql'),(23,'pariatur',0,'sql'),(24,'iste',0,' txt'),(25,'quas',1,' txt'),(26,'quibusdam',4584,'sql'),(27,'voluptas',7,' py'),(28,'ut',6289,' py'),(29,'necessitatibus',43213,' js'),(30,'maiores',3377,' txt'),(31,'voluptatem',97105592,' txt'),(32,'quae',447,'sql'),(33,'et',983297,' py'),(34,'est',6292,' py'),(35,'itaque',1,' java'),(36,'autem',9,'sql'),(37,'corporis',6688,' txt'),(38,'et',12,' py'),(39,'id',46599,' js'),(40,'voluptates',5,' txt');
/*!40000 ALTER TABLE `document` ENABLE KEYS */;
UNLOCK TABLES;

--
-- Table structure for table `group`
--

DROP TABLE IF EXISTS `group`;
/*!40101 SET @saved_cs_client     = @@character_set_client */;
/*!50503 SET character_set_client = utf8mb4 */;
CREATE TABLE `group` (
  `id` int unsigned NOT NULL AUTO_INCREMENT,
  `title` varchar(45) CHARACTER SET utf8mb4 COLLATE utf8mb4_unicode_ci NOT NULL,
  `type` bit(1) NOT NULL DEFAULT b'0' COMMENT '0 - частаня\n1 - публичная',
  `url` varchar(45) CHARACTER SET utf8mb4 COLLATE utf8mb4_unicode_ci NOT NULL,
  `description` varchar(45) CHARACTER SET utf8mb4 COLLATE utf8mb4_unicode_ci DEFAULT NULL,
  PRIMARY KEY (`id`),
  UNIQUE KEY `url_UNIQUE` (`url`)
) ENGINE=InnoDB AUTO_INCREMENT=21 DEFAULT CHARSET=utf8mb4 COLLATE=utf8mb4_unicode_ci;
/*!40101 SET character_set_client = @saved_cs_client */;

--
-- Dumping data for table `group`
--

LOCK TABLES `group` WRITE;
/*!40000 ALTER TABLE `group` DISABLE KEYS */;
INSERT INTO `group` VALUES (1,'Ad ad omnis et aliquam delectus hic dolores e',_binary '','1817879691234',''),(2,'Mollitia impedit tempore consequuntur animi u',_binary '','3340007112427',''),(3,'Repellat non et magnam in.',_binary '','2128743982143',''),(4,'Labore et totam voluptas cumque sed fuga.',_binary '','5288149123759','Et et enim voluptas. Non laudantium et dolore'),(5,'Facilis et velit in voluptatem tempora beatae',_binary '\0','1883330261896',''),(6,'Vel eligendi pariatur ipsam non in cupiditate',_binary '','1977325286299',''),(7,'Ut dolores et earum numquam pariatur rerum co',_binary '\0','7028235504219',''),(8,'Ex velit assumenda amet tempora.',_binary '','9081156110424',''),(9,'Qui cumque quia fugit minus a non.',_binary '','5610662451680',''),(10,'Repudiandae aut deserunt quia.',_binary '','9874792807878','Sapiente quae voluptatibus dolores. Dolorem d'),(11,'Ut accusantium ut perspiciatis rerum fuga exp',_binary '','5924629112416','Praesentium eveniet in nesciunt ut quam ipsa '),(12,'Qui tempore cumque harum assumenda.',_binary '\0','5100285450967',''),(13,'Recusandae cupiditate magni libero voluptate.',_binary '\0','6148271166040',''),(14,'Distinctio et ratione et quisquam.',_binary '\0','1615045388991',''),(15,'Recusandae voluptatem blanditiis et pariatur ',_binary '','9992021059185','Id quas vero dolore. Sed iure molestiae qui a'),(16,'Alias assumenda ducimus laboriosam earum.',_binary '\0','0481544351504','Nobis ut praesentium fuga sit labore officia '),(17,'Fugit iusto laboriosam id dolorem id.',_binary '','5500054139343',''),(18,'Et assumenda eius quia est unde.',_binary '\0','2203384415479','Sed qui voluptatibus odit ipsa. Quia labore c'),(19,'Deserunt dolore blanditiis qui et eaque dolor',_binary '','4493413578482','Dignissimos laborum beatae rerum inventore eo'),(20,'Quia rem aut eos occaecati.',_binary '','4351598193794','');
/*!40000 ALTER TABLE `group` ENABLE KEYS */;
UNLOCK TABLES;

--
-- Table structure for table `group_member`
--

DROP TABLE IF EXISTS `group_member`;
/*!40101 SET @saved_cs_client     = @@character_set_client */;
/*!50503 SET character_set_client = utf8mb4 */;
CREATE TABLE `group_member` (
  `group_id` int unsigned NOT NULL,
  `user_id` int unsigned NOT NULL,
  `administrator` bit(1) NOT NULL DEFAULT b'0' COMMENT '0 - не Администратор,\n1 - Администратор',
  `ban` bit(1) NOT NULL DEFAULT b'0' COMMENT '0 - не в черном списке\n1 - в черном списке',
  PRIMARY KEY (`user_id`,`group_id`),
  KEY `fk_channel_subscriber_user1_idx` (`user_id`),
  KEY `fk_group_member_group1_idx` (`group_id`),
  CONSTRAINT `fk_channel_subscriber_user10` FOREIGN KEY (`user_id`) REFERENCES `user` (`id`),
  CONSTRAINT `fk_group_member_group1` FOREIGN KEY (`group_id`) REFERENCES `group` (`id`)
) ENGINE=InnoDB DEFAULT CHARSET=utf8mb4 COLLATE=utf8mb4_unicode_ci;
/*!40101 SET character_set_client = @saved_cs_client */;

--
-- Dumping data for table `group_member`
--

LOCK TABLES `group_member` WRITE;
/*!40000 ALTER TABLE `group_member` DISABLE KEYS */;
INSERT INTO `group_member` VALUES (4,1,_binary '\0',_binary '\0'),(6,1,_binary '',_binary ''),(9,1,_binary '',_binary '\0'),(12,1,_binary '\0',_binary '\0'),(17,1,_binary '',_binary ''),(19,1,_binary '',_binary '\0'),(20,1,_binary '',_binary '\0'),(11,2,_binary '\0',_binary '\0'),(18,2,_binary '\0',_binary ''),(19,2,_binary '\0',_binary '\0'),(1,3,_binary '\0',_binary '\0'),(2,3,_binary '',_binary '\0'),(11,3,_binary '\0',_binary '\0'),(12,3,_binary '\0',_binary '\0'),(15,3,_binary '',_binary '\0'),(17,3,_binary '\0',_binary '\0'),(19,3,_binary '\0',_binary '\0'),(20,3,_binary '',_binary '\0'),(1,4,_binary '',_binary '\0'),(2,4,_binary '\0',_binary '\0'),(4,4,_binary '\0',_binary '\0'),(6,4,_binary '',_binary '\0'),(11,4,_binary '\0',_binary ''),(14,4,_binary '',_binary ''),(16,4,_binary '\0',_binary '\0'),(17,4,_binary '\0',_binary ''),(18,4,_binary '\0',_binary ''),(7,5,_binary '',_binary '\0'),(12,5,_binary '',_binary '\0'),(16,5,_binary '\0',_binary '\0'),(18,5,_binary '\0',_binary '\0'),(5,6,_binary '',_binary '\0'),(6,6,_binary '',_binary '\0'),(7,6,_binary '\0',_binary '\0'),(8,6,_binary '\0',_binary ''),(13,6,_binary '',_binary '\0'),(2,7,_binary '\0',_binary '\0'),(6,7,_binary '\0',_binary ''),(9,7,_binary '\0',_binary '\0'),(12,7,_binary '',_binary '\0'),(16,7,_binary '',_binary '\0'),(17,7,_binary '',_binary ''),(3,8,_binary '',_binary '\0'),(4,8,_binary '\0',_binary ''),(7,8,_binary '\0',_binary '\0'),(9,8,_binary '',_binary '\0'),(10,8,_binary '',_binary '\0'),(15,8,_binary '\0',_binary '\0'),(16,8,_binary '\0',_binary '\0'),(18,8,_binary '',_binary '\0'),(3,9,_binary '\0',_binary '\0'),(5,9,_binary '',_binary '\0'),(8,9,_binary '',_binary ''),(10,9,_binary '\0',_binary '\0'),(14,9,_binary '\0',_binary '\0'),(15,9,_binary '',_binary ''),(7,10,_binary '\0',_binary ''),(8,10,_binary '',_binary '\0'),(9,10,_binary '\0',_binary ''),(12,10,_binary '\0',_binary '\0'),(15,10,_binary '\0',_binary ''),(20,10,_binary '\0',_binary '\0'),(14,11,_binary '\0',_binary '\0'),(18,11,_binary '',_binary '\0'),(2,12,_binary '\0',_binary ''),(3,12,_binary '\0',_binary '\0'),(4,12,_binary '',_binary '\0'),(5,12,_binary '\0',_binary '\0'),(6,12,_binary '',_binary '\0'),(9,12,_binary '',_binary '\0'),(10,12,_binary '\0',_binary '\0'),(12,12,_binary '\0',_binary '\0'),(14,12,_binary '',_binary '\0'),(2,13,_binary '\0',_binary ''),(8,13,_binary '\0',_binary '\0'),(20,13,_binary '',_binary '\0'),(1,14,_binary '',_binary '\0'),(3,14,_binary '\0',_binary '\0'),(4,14,_binary '\0',_binary ''),(10,14,_binary '\0',_binary '\0'),(13,14,_binary '\0',_binary ''),(14,14,_binary '',_binary '\0'),(19,14,_binary '',_binary '\0'),(20,14,_binary '\0',_binary '\0'),(1,15,_binary '',_binary '\0'),(5,15,_binary '\0',_binary '\0'),(15,15,_binary '\0',_binary ''),(18,15,_binary '',_binary '\0'),(20,15,_binary '',_binary ''),(1,16,_binary '\0',_binary ''),(4,16,_binary '',_binary ''),(8,16,_binary '\0',_binary ''),(11,16,_binary '',_binary ''),(13,16,_binary '',_binary '\0'),(14,16,_binary '',_binary ''),(2,17,_binary '',_binary '\0'),(3,17,_binary '',_binary ''),(7,17,_binary '\0',_binary '\0'),(8,17,_binary '\0',_binary '\0'),(13,17,_binary '',_binary '\0'),(17,17,_binary '',_binary '\0'),(19,17,_binary '',_binary '\0'),(20,17,_binary '',_binary '\0'),(3,18,_binary '',_binary '\0'),(7,18,_binary '',_binary '\0'),(5,19,_binary '\0',_binary '\0'),(10,19,_binary '\0',_binary '\0'),(14,19,_binary '',_binary '\0'),(15,19,_binary '\0',_binary '\0'),(16,19,_binary '',_binary ''),(20,19,_binary '',_binary '\0'),(6,20,_binary '',_binary ''),(19,20,_binary '',_binary ''),(12,21,_binary '',_binary '\0'),(16,21,_binary '\0',_binary ''),(17,21,_binary '\0',_binary '\0'),(18,21,_binary '\0',_binary '\0'),(19,21,_binary '\0',_binary '\0'),(2,22,_binary '\0',_binary '\0'),(3,22,_binary '',_binary '\0'),(14,22,_binary '',_binary ''),(19,22,_binary '',_binary '\0'),(3,23,_binary '\0',_binary '\0'),(5,23,_binary '',_binary ''),(6,23,_binary '',_binary '\0'),(7,23,_binary '',_binary '\0'),(16,23,_binary '\0',_binary ''),(17,23,_binary '\0',_binary '\0'),(20,23,_binary '\0',_binary '\0'),(1,24,_binary '',_binary '\0'),(7,24,_binary '',_binary '\0'),(11,24,_binary '',_binary '\0'),(14,24,_binary '',_binary '\0'),(19,24,_binary '\0',_binary '\0'),(1,25,_binary '',_binary '\0'),(5,25,_binary '\0',_binary '\0'),(7,25,_binary '',_binary ''),(8,25,_binary '\0',_binary '\0'),(10,25,_binary '\0',_binary '\0'),(13,25,_binary '',_binary '\0'),(15,25,_binary '\0',_binary '\0'),(16,25,_binary '\0',_binary ''),(2,26,_binary '\0',_binary ''),(7,26,_binary '\0',_binary '\0'),(9,26,_binary '\0',_binary '\0'),(11,26,_binary '\0',_binary '\0'),(12,26,_binary '',_binary '\0'),(15,26,_binary '',_binary ''),(17,26,_binary '',_binary '\0'),(18,26,_binary '\0',_binary '\0'),(5,27,_binary '',_binary ''),(6,27,_binary '',_binary '\0'),(8,27,_binary '',_binary ''),(9,27,_binary '\0',_binary ''),(10,27,_binary '',_binary ''),(11,27,_binary '\0',_binary '\0'),(13,27,_binary '\0',_binary ''),(14,27,_binary '\0',_binary '\0'),(16,27,_binary '\0',_binary '\0'),(1,28,_binary '',_binary '\0'),(2,28,_binary '\0',_binary '\0'),(4,28,_binary '',_binary ''),(5,28,_binary '\0',_binary ''),(6,28,_binary '',_binary ''),(15,28,_binary '',_binary '\0'),(20,28,_binary '',_binary '\0'),(1,29,_binary '',_binary '\0'),(5,29,_binary '\0',_binary '\0'),(11,29,_binary '',_binary '\0'),(13,29,_binary '\0',_binary '\0'),(6,30,_binary '\0',_binary ''),(8,30,_binary '\0',_binary '\0'),(10,30,_binary '',_binary '\0'),(12,30,_binary '',_binary '\0'),(17,30,_binary '\0',_binary '\0');
/*!40000 ALTER TABLE `group_member` ENABLE KEYS */;
UNLOCK TABLES;

--
-- Temporary view structure for view `groups_info`
--

DROP TABLE IF EXISTS `groups_info`;
/*!50001 DROP VIEW IF EXISTS `groups_info`*/;
SET @saved_cs_client     = @@character_set_client;
/*!50503 SET character_set_client = utf8mb4 */;
/*!50001 CREATE VIEW `groups_info` AS SELECT 
 1 AS `title`,
 1 AS `first_name`,
 1 AS `administrator`,
 1 AS `ban`*/;
SET character_set_client = @saved_cs_client;

--
-- Table structure for table `message`
--

DROP TABLE IF EXISTS `message`;
/*!40101 SET @saved_cs_client     = @@character_set_client */;
/*!50503 SET character_set_client = utf8mb4 */;
CREATE TABLE `message` (
  `id` int unsigned NOT NULL AUTO_INCREMENT,
  `chat_id` int unsigned NOT NULL,
  `from_user_id` int unsigned NOT NULL,
  `to_user_id` int unsigned NOT NULL,
  `text` text CHARACTER SET utf8mb4 COLLATE utf8mb4_unicode_ci,
  `photo_id` int unsigned DEFAULT NULL,
  `document_id` int unsigned DEFAULT NULL,
  `audio_id` int unsigned DEFAULT NULL,
  `animation_id` int unsigned DEFAULT NULL,
  `caption` text CHARACTER SET utf8mb4 COLLATE utf8mb4_unicode_ci,
  `created_at` datetime NOT NULL DEFAULT CURRENT_TIMESTAMP,
  `readed_at` datetime DEFAULT NULL,
  PRIMARY KEY (`id`),
  KEY `fk_message_user1_idx` (`from_user_id`),
  KEY `fk_message_user2_idx` (`to_user_id`),
  KEY `fk_message_photo1_idx` (`photo_id`),
  KEY `fk_message_document1_idx` (`document_id`),
  KEY `fk_message_audio1_idx` (`audio_id`),
  KEY `fk_message_animation1_idx` (`animation_id`),
  KEY `fk_message_chat1_idx` (`chat_id`),
  CONSTRAINT `fk_message_animation1` FOREIGN KEY (`animation_id`) REFERENCES `animation` (`id`),
  CONSTRAINT `fk_message_audio1` FOREIGN KEY (`audio_id`) REFERENCES `audio` (`id`),
  CONSTRAINT `fk_message_chat1` FOREIGN KEY (`chat_id`) REFERENCES `chat` (`id`),
  CONSTRAINT `fk_message_document1` FOREIGN KEY (`document_id`) REFERENCES `document` (`id`),
  CONSTRAINT `fk_message_photo1` FOREIGN KEY (`photo_id`) REFERENCES `photo` (`id`),
  CONSTRAINT `fk_message_user1` FOREIGN KEY (`from_user_id`) REFERENCES `user` (`id`),
  CONSTRAINT `fk_message_user2` FOREIGN KEY (`to_user_id`) REFERENCES `user` (`id`)
) ENGINE=InnoDB AUTO_INCREMENT=505 DEFAULT CHARSET=utf8mb4 COLLATE=utf8mb4_unicode_ci;
/*!40101 SET character_set_client = @saved_cs_client */;

--
-- Dumping data for table `message`
--

LOCK TABLES `message` WRITE;
/*!40000 ALTER TABLE `message` DISABLE KEYS */;
INSERT INTO `message` VALUES (1,61,4,21,'Sed exercitationem amet sunt illum. Dolor tempora soluta similique minus. Hic dolor repudiandae odit non repellendus. Quisquam quo in consequatur ut perferendis.',NULL,NULL,NULL,NULL,NULL,'1984-02-02 20:44:45',NULL),(2,26,26,18,'Nostrum deleniti quis quo omnis quibusdam saepe. Delectus est vero animi qui assumenda. Rem assumenda amet ullam error rerum.',NULL,NULL,NULL,NULL,NULL,'1988-03-14 09:00:20','1990-04-03 23:56:47'),(3,35,28,18,'Ex ipsum enim dolores eum aut. Suscipit natus nisi dolorem commodi modi et quae.',NULL,NULL,NULL,NULL,NULL,'2001-11-15 14:34:12',NULL),(4,10,10,4,'Vero ipsa aut eligendi rerum. Et quibusdam dignissimos omnis ut consequuntur consequatur ut et. Mollitia expedita vero et in sed. Error quasi culpa culpa ut.',NULL,NULL,NULL,NULL,NULL,'1998-03-29 21:37:35','2013-05-21 03:38:34'),(5,21,21,24,'Voluptas error quaerat quo consequatur minima minima. Aut autem fuga velit eum. Tenetur officiis sunt iusto esse aperiam est ipsam.',NULL,NULL,NULL,NULL,NULL,'1985-03-28 16:41:59','1993-06-24 07:23:04'),(6,38,24,19,'Illo dolores est quia sint. Quia voluptates explicabo aut atque autem placeat aliquam quia. Sint earum facilis ullam.',NULL,NULL,NULL,NULL,NULL,'1998-03-21 14:08:04','2002-02-14 05:06:36'),(7,58,6,30,'Et maxime et non est amet. Eaque voluptate cum nam sed iusto. Sint quia velit placeat. Perferendis unde in minus.',NULL,NULL,NULL,NULL,NULL,'1993-05-25 20:19:20','1980-12-12 00:05:21'),(8,6,6,23,'Cupiditate porro saepe optio rem aut ut. Vel est optio modi. Quia provident aliquam temporibus dignissimos voluptate voluptatibus.',NULL,NULL,NULL,NULL,NULL,'2001-02-03 06:43:04','2017-04-05 22:44:16'),(9,60,24,9,'Laborum perferendis aut vitae quas sint quis. Officia qui repellendus est labore et.',NULL,NULL,NULL,NULL,NULL,'1995-08-12 10:41:08','1978-04-07 04:24:18'),(10,19,19,29,'Quos quasi distinctio sed voluptatem ipsam ut. Sit officia perferendis aut. Est assumenda dolores voluptatem tenetur eligendi deserunt. Facilis voluptas alias accusamus vitae rerum accusantium sed.',NULL,NULL,NULL,NULL,NULL,'1972-12-18 02:29:25','2000-05-28 10:37:57'),(11,34,14,2,'Quam saepe nisi nostrum ea ut nam magni. Consectetur repellat et iure. Et sit sapiente est ab consequuntur sapiente culpa. Fugit facere eveniet quis consequatur quidem id.',NULL,NULL,NULL,NULL,NULL,'1973-06-08 11:38:43','2020-07-23 23:38:02'),(12,10,10,24,'Quos deserunt facilis aut molestias quia. Sint minus aut neque exercitationem qui explicabo voluptate expedita. Voluptates est ipsa repudiandae minus aut.',NULL,NULL,NULL,NULL,NULL,'2000-06-25 07:33:39','1990-02-25 02:21:11'),(13,52,10,21,'Eius repellat inventore aliquid ea. Dolores quis et officia consequuntur iusto. Eveniet aperiam cum accusantium eius. Et aperiam cum omnis molestias sint quaerat sapiente.',NULL,NULL,NULL,NULL,NULL,'1998-07-26 08:19:35','1998-10-25 05:43:22'),(14,23,23,24,'Deserunt ut earum minima tempora quasi optio. Nisi quaerat et explicabo possimus. Debitis totam et voluptatibus qui explicabo voluptas et. Qui ut consequatur vitae deserunt iure facilis et.',NULL,NULL,NULL,NULL,NULL,'1991-03-10 23:54:55','2000-05-08 20:16:15'),(15,32,23,1,'Dolores explicabo animi facilis ex provident ipsa. Quidem sed voluptatem sint fuga laboriosam ut tenetur. Quos repudiandae ullam non non. Ex nisi est est officiis et omnis et.',NULL,NULL,NULL,NULL,NULL,'2015-03-19 12:06:59',NULL),(16,17,17,24,'Perferendis deserunt tempore hic nulla consectetur. Et beatae numquam rerum et et qui. Ut dolore rem dolores et laboriosam voluptates.',NULL,NULL,NULL,NULL,NULL,'2005-06-25 05:49:54','1988-10-03 01:29:28'),(17,60,4,30,'Consequatur dolorem iusto dolores aut maiores quia. Voluptatem debitis qui dolore qui. Et ratione id provident qui similique.',NULL,NULL,NULL,NULL,NULL,'1988-05-12 10:41:40','1998-07-30 18:25:03'),(18,58,6,1,'Culpa est consequuntur sit. Dignissimos assumenda nihil iste quas similique nihil alias qui. Ea odio nostrum qui aperiam veniam.',NULL,NULL,NULL,NULL,NULL,'1971-09-06 06:18:35',NULL),(19,40,2,24,'Molestiae quibusdam amet accusantium repudiandae ut placeat qui. Cumque aliquam et incidunt aut quaerat odio. Itaque laboriosam quis cum eum quam aliquid perferendis.',NULL,NULL,NULL,NULL,NULL,'1995-01-24 02:53:29','1999-07-08 11:36:07'),(20,60,10,12,'Et earum accusantium sunt consequatur quas voluptatem. Et consectetur quo saepe. Expedita voluptates qui labore consequatur id eveniet. Sit ea repellendus repellat harum quod id consequatur.',NULL,NULL,NULL,NULL,NULL,'2018-01-29 16:37:09','1979-06-23 09:28:45'),(21,55,24,26,'Debitis ut quo quasi et illum eos est. Beatae nulla sit id incidunt. Quia magni minus omnis ex itaque.',NULL,NULL,NULL,NULL,NULL,'1982-09-06 05:30:55','1989-06-14 19:29:22'),(22,58,28,21,'Error accusamus dolorem assumenda voluptatem. Dicta saepe dolorem sed.',NULL,NULL,NULL,NULL,NULL,'1988-04-12 14:16:36','1980-08-19 08:28:20'),(23,43,20,1,'Cupiditate nihil nam sed et sit aliquam praesentium. Pariatur omnis sit provident ipsum aliquid error fugiat. Qui et sit nobis in perspiciatis ut enim. Eius iure non rem sint pariatur architecto aut.',NULL,NULL,NULL,NULL,NULL,'2018-09-23 04:05:05','1978-11-23 00:12:59'),(24,21,21,14,'Numquam enim eligendi suscipit. Ad ex perferendis voluptatum unde. Quis ut minima sapiente nihil qui consectetur sunt. Quos occaecati est voluptas autem molestiae non.',NULL,NULL,NULL,NULL,NULL,'2016-10-17 07:36:09','2020-10-31 13:24:28'),(25,5,5,7,'Enim a officiis et voluptates ut aspernatur eius. Labore incidunt consequuntur non nobis.',NULL,NULL,NULL,NULL,NULL,'1986-06-18 17:59:55',NULL),(26,6,6,15,'Aut hic et velit aut ipsa aspernatur aut odit. Esse natus pariatur non alias hic consectetur nam. Repellat ut amet et ab animi vitae sit.',NULL,NULL,NULL,NULL,NULL,'2019-07-08 19:48:28',NULL),(27,60,16,18,'Nulla debitis similique aut eos. Ut omnis ut autem magnam sit omnis aut. Facilis ducimus assumenda quia nulla quibusdam.',NULL,NULL,NULL,NULL,NULL,'1977-11-15 19:46:32',NULL),(28,58,10,24,'Fuga omnis id numquam amet voluptas iste aliquam cupiditate. Aut eum aperiam est et dolor. Vitae libero laudantium commodi voluptas est pariatur enim. Qui optio quasi modi atque.',NULL,NULL,NULL,NULL,NULL,'1995-05-12 08:51:14','2007-12-29 08:50:52'),(29,59,27,25,'Quisquam repellat molestias natus culpa omnis vel. Impedit voluptatibus nostrum et repellendus. Aut non fugit et nihil placeat soluta. Veritatis quia et quia.',NULL,NULL,NULL,NULL,NULL,'2003-09-27 17:04:02',NULL),(30,44,22,4,'Possimus provident qui et omnis tenetur aut. Eius aut rem qui. Dolore necessitatibus porro et doloribus molestiae natus. Molestiae corporis perferendis quia.',NULL,NULL,NULL,NULL,NULL,'2004-07-19 19:58:37','2011-04-28 05:26:20'),(31,1,1,28,'Sunt aspernatur adipisci consectetur magnam. Non natus non temporibus modi. Autem quod quae enim vero libero. Reprehenderit modi unde rerum mollitia repellat.',NULL,NULL,NULL,NULL,NULL,'1984-10-06 13:31:56','1999-09-20 18:24:35'),(32,61,11,26,'Doloremque iusto non quia. Ea aliquam ut sed ut et sunt incidunt.\nAutem eum aut ut sed non. Itaque ea et illo reprehenderit earum natus et. Et rem asperiores id qui totam nisi.',NULL,NULL,NULL,NULL,NULL,'1987-06-14 18:35:10','2021-02-17 23:21:46'),(33,39,29,15,'Et aut dolorum sed omnis et rerum. Dolorum nihil est aut sunt qui. Odio ipsa sunt deleniti ex eveniet quis repellat esse. Aut nam soluta suscipit libero saepe ea.',NULL,NULL,NULL,NULL,NULL,'2012-07-26 20:05:03','2008-11-15 14:16:40'),(34,39,7,14,'Fuga perferendis id laboriosam. Et mollitia corrupti autem ab consequuntur dolor. Esse et quidem animi non soluta dolore et. Quo officiis id harum sequi rerum.',NULL,NULL,NULL,NULL,NULL,'1978-10-11 07:47:05',NULL),(35,1,1,27,'Quia nemo voluptate error praesentium non neque. Labore velit tempore et quia accusantium quia at. Ullam cupiditate atque qui nostrum ratione. Quisquam quo mollitia reprehenderit eveniet.',NULL,NULL,NULL,NULL,NULL,'1989-07-12 23:38:47','1977-11-15 01:17:28'),(36,15,15,17,'Qui odio ea ipsam eius molestiae aliquam voluptas. Maxime aspernatur vel voluptates ipsa. Aspernatur aut veniam nesciunt cum. Excepturi ex eligendi quo porro laboriosam tempora.',NULL,NULL,NULL,NULL,NULL,'1993-06-18 19:58:08','2006-05-15 13:43:46'),(37,49,7,2,'Aliquam iusto rerum dolor quia id qui omnis. Sint placeat quibusdam qui earum. Quasi qui adipisci modi et aut corrupti ipsum modi. Omnis quia error rerum error.',NULL,NULL,NULL,NULL,NULL,'1985-03-11 09:31:18',NULL),(38,20,20,12,'Sequi sed cum aliquid. Odit aut a amet est et dolorum neque. Porro molestiae et praesentium est quos officiis facilis. Commodi qui sunt est et et aperiam porro.',NULL,NULL,NULL,NULL,NULL,'1986-12-22 15:08:20','2015-08-15 17:51:51'),(39,5,5,9,'Ad vel voluptate est et esse dolores. Alias voluptate sequi at laboriosam optio. Quas sint ad dolor repudiandae.',NULL,NULL,NULL,NULL,NULL,'2008-05-31 13:26:07',NULL),(40,63,15,1,'Inventore sit eum autem quod et. Voluptate possimus consequatur qui facilis et. Ducimus incidunt ipsam dolores libero ipsa cupiditate. Totam commodi temporibus ratione soluta amet culpa eligendi.',NULL,NULL,NULL,NULL,NULL,'2019-03-04 12:00:25','1995-08-27 03:23:17'),(41,2,2,16,'Accusamus odio magnam est et. Totam deleniti dicta velit aut occaecati assumenda. Saepe aliquid blanditiis voluptatibus.',NULL,NULL,NULL,NULL,NULL,'1982-02-16 05:07:00','1973-01-14 20:58:16'),(42,66,12,26,'Fugit libero natus magni alias voluptatibus iusto libero. Illo laudantium cupiditate hic at natus consequuntur ipsum. Corporis fugiat ullam consequatur vero nostrum.',NULL,NULL,NULL,NULL,NULL,'1973-05-14 09:42:52',NULL),(43,54,28,24,'Maiores modi tempora sequi iusto odio et. Dolorum dolore veritatis accusamus vel magni. Numquam pariatur quia voluptate et a earum. Odit sed delectus iste facere qui.',NULL,NULL,NULL,NULL,NULL,'2012-12-06 16:43:46',NULL),(44,18,18,1,'Reiciendis ea consequuntur est sapiente eos. Nisi optio et non maxime nisi dolorum dolore praesentium. Voluptatem at fugiat sequi autem tempore.',NULL,NULL,NULL,NULL,NULL,'1978-03-26 07:50:30',NULL),(45,50,15,10,'Ratione consectetur sint nihil iusto ullam. Dolores ut ipsa a fugiat illum aut fugiat. Eum autem ut et. Tempore inventore molestiae ratione cum repellendus sed quae.',NULL,NULL,NULL,NULL,NULL,'1992-11-23 00:32:35','2014-06-29 07:59:25'),(46,43,21,21,'Pariatur rerum quibusdam aliquid. Perferendis facere et aliquam aut harum et. Et velit dolores voluptatem delectus aperiam recusandae. Ratione dolores consequuntur consequatur est autem.',NULL,NULL,NULL,NULL,NULL,'1991-07-19 15:13:06','1998-04-25 08:02:41'),(47,12,12,27,'Nemo nihil consequatur deleniti accusamus. Iure ullam quam pariatur officia modi delectus cum architecto. Ut minus sit sapiente sit dolorem hic. Aut voluptatem architecto voluptas et enim.',NULL,NULL,NULL,NULL,NULL,'1974-11-14 13:12:34','1972-04-04 20:19:49'),(48,16,16,28,'Veritatis provident quae ut exercitationem aut voluptates rem. Mollitia aut voluptas ea quos velit rerum adipisci cumque. Recusandae ut earum qui rem ipsum. Et ullam ut qui dolor.',NULL,NULL,NULL,NULL,NULL,'1989-02-18 20:25:10','2016-12-16 21:36:42'),(49,43,23,25,'Et fugit voluptas expedita quis sit provident debitis exercitationem. A corrupti natus dolorum exercitationem inventore. Corrupti quia in hic. Sed rerum maxime est molestiae non.',NULL,NULL,NULL,NULL,NULL,'1975-09-19 01:04:55',NULL),(50,61,19,9,'Modi nisi sunt quis velit debitis eligendi eos. Consequatur corporis optio inventore corrupti ducimus nam saepe. Fugit et voluptas praesentium delectus provident consequatur.',NULL,NULL,NULL,NULL,NULL,'1991-04-27 02:46:26',NULL),(51,62,20,24,'Vel nemo ipsam sed quaerat aut recusandae. Modi sed ducimus possimus a. Consequatur tenetur ut consequatur quo laboriosam consequatur ut sint.',NULL,NULL,NULL,NULL,NULL,'1989-07-11 23:48:54','1996-01-07 23:15:33'),(52,28,28,6,'Beatae alias omnis asperiores earum veritatis excepturi et. Non molestias culpa et blanditiis id debitis est. Soluta necessitatibus corporis nulla cum praesentium consequatur quam.',NULL,NULL,NULL,NULL,NULL,'1997-09-01 20:58:20','1989-07-13 04:50:17'),(53,18,18,3,'Fuga dolores veritatis ducimus dolorum. Voluptatem odio quaerat enim deserunt.',NULL,NULL,NULL,NULL,NULL,'1982-06-02 20:05:39','1971-05-22 19:59:03'),(54,3,3,18,'Illo excepturi quis qui dolor quam aliquam est. Deleniti dolor ab dicta est soluta ipsum autem.\nEaque autem quod sunt ut enim et reiciendis ut. Ea dolorum esse sint est omnis. Et corporis minus unde.',NULL,NULL,NULL,NULL,NULL,'1982-10-21 08:41:41','2014-02-22 13:56:37'),(55,4,4,2,'Nesciunt est et est libero. Eius et minima nemo dolor recusandae expedita ut. Voluptatem eligendi consequatur corporis vel. Beatae cum et aliquid non.',NULL,NULL,NULL,NULL,NULL,'1972-05-22 01:36:50','2014-09-12 08:47:59'),(56,25,25,23,'Nulla autem cumque quo excepturi rerum accusamus. Sunt expedita eos sed impedit enim maiores non. Repellat explicabo ut velit nemo quia nemo ratione a.',NULL,NULL,NULL,NULL,NULL,'1980-06-30 14:03:48','1991-08-14 06:52:31'),(57,2,2,5,'Ab ut sit maxime impedit. Veritatis tempore distinctio illum nobis omnis. Quidem iure vero ut temporibus sapiente voluptatem repellat. Suscipit cumque soluta totam officia libero.',NULL,NULL,NULL,NULL,NULL,'2018-09-25 21:30:39','2011-08-14 16:25:37'),(58,64,9,25,'Illo labore quibusdam vel delectus. Sed inventore nobis qui quia minus atque quasi.',NULL,NULL,NULL,NULL,NULL,'2016-08-13 11:26:05','1990-03-15 02:03:52'),(59,60,27,17,'Adipisci odio nostrum sit voluptatem eum et ratione. Vitae itaque in aut. Omnis quia voluptates quasi temporibus quos. Illum soluta itaque molestiae officia. Tenetur ratione qui qui dolores veniam.',NULL,NULL,NULL,NULL,NULL,'1997-11-01 08:27:16',NULL),(60,46,23,6,'Ut animi minima totam voluptas. Non voluptas ducimus excepturi recusandae quis eaque omnis ducimus. Aut qui voluptate non et harum. A porro architecto esse minima.',NULL,NULL,NULL,NULL,NULL,'2003-03-18 16:31:35',NULL),(61,67,20,26,'Aspernatur illo soluta qui cupiditate rerum molestiae enim. Aut accusantium maiores voluptas et doloribus. Totam ut vero facilis quos incidunt voluptas. Harum enim itaque illo quo ipsum.',NULL,NULL,NULL,NULL,NULL,'1978-02-10 18:06:54','1986-11-13 08:44:13'),(62,52,1,13,'Explicabo eos qui minus vitae ut. Rem quo totam et odit. Repellendus sed facere rerum labore minima.',NULL,NULL,NULL,NULL,NULL,'1986-01-06 19:49:28',NULL),(63,64,9,23,'Ut expedita voluptatem eos amet. Impedit qui qui nihil culpa. Itaque facilis quisquam magnam id quaerat magnam. Hic odit nihil debitis minus at.',NULL,NULL,NULL,NULL,NULL,'1977-11-25 12:16:50','1998-12-03 08:12:01'),(64,1,1,11,'Sit et enim iure ut. Inventore inventore nemo eos commodi. Iusto odio id esse minus consequatur. Suscipit et cum sunt error.',NULL,NULL,NULL,NULL,NULL,'1979-08-16 23:35:59','1984-08-20 22:10:19'),(65,41,11,21,'Consectetur neque eos nam occaecati dolorem impedit sed. Rerum ab quo enim ex aut. Magni sed maxime aut reprehenderit nesciunt cum. Culpa quod alias ut repudiandae minima aspernatur id.',NULL,NULL,NULL,NULL,NULL,'2016-11-14 21:09:14','1978-01-21 16:45:35'),(66,45,22,18,'Voluptatem quae molestiae eum amet dolor unde. Reprehenderit hic cupiditate quae est odit. Unde facere reiciendis corrupti.',NULL,NULL,NULL,NULL,NULL,'2001-11-04 06:43:17',NULL),(67,28,28,20,'Illum iusto animi neque id soluta doloribus. Et numquam aliquid voluptate id quia dignissimos tempore. Voluptatem explicabo officia error labore quisquam rerum.',NULL,NULL,NULL,NULL,NULL,'1988-03-25 00:12:44',NULL),(68,38,20,29,'Qui aut error natus minus quasi quos. Qui iste alias nihil quasi et delectus. Totam dolorum error quisquam fuga eveniet explicabo quia. Ut sit quas magnam sint voluptates aliquam.',NULL,NULL,NULL,NULL,NULL,'2004-07-07 22:33:00','1995-12-10 22:08:27'),(69,25,25,26,'Aut nobis nulla doloremque. Consequatur laudantium recusandae autem architecto. Vero quidem qui facere iusto molestiae exercitationem earum delectus.',NULL,NULL,NULL,NULL,NULL,'2005-07-21 04:04:06','1985-08-19 13:54:21'),(70,65,4,19,'Perferendis non qui mollitia modi non saepe sed. Rem amet at voluptas vel. Laudantium suscipit quaerat enim qui non accusamus nihil. Ullam fuga numquam tempora. Totam at nihil libero et est.',NULL,NULL,NULL,NULL,NULL,'1971-04-29 04:29:18','2002-11-25 20:48:00'),(71,8,8,8,'Et nesciunt vitae veniam et. Debitis assumenda ea dicta. Consequatur itaque alias porro ut similique. Tempora reprehenderit quidem aut soluta.',NULL,NULL,NULL,NULL,NULL,'1987-07-24 17:45:30',NULL),(72,66,25,9,'Nemo quae pariatur ab non. Consequatur fugit vitae est atque. Possimus blanditiis est neque qui quia adipisci facilis. Occaecati explicabo possimus possimus esse voluptas dolorem.',NULL,NULL,NULL,NULL,NULL,'1979-07-18 04:43:44',NULL),(73,25,25,17,'Accusamus quis facilis sed veritatis minus accusantium quis. Minus iusto reprehenderit assumenda id amet quisquam. Inventore quos tempora illo tempore nemo eum quae necessitatibus.',NULL,NULL,NULL,NULL,NULL,'2003-10-21 17:49:15','2003-03-31 16:06:49'),(74,8,8,26,'Et inventore rerum sit est animi aperiam molestias nam. Dolores quam culpa iure quidem nihil. Voluptate dolor labore voluptatem est facilis.',NULL,NULL,NULL,NULL,NULL,'1994-03-26 13:23:55','1973-04-14 17:18:31'),(75,33,10,6,'Qui est consectetur quasi vero. Suscipit magnam ad id sint. Distinctio architecto molestiae excepturi et nemo.',NULL,NULL,NULL,NULL,NULL,'1985-06-19 05:10:19',NULL),(76,10,10,28,'Optio corrupti architecto corrupti officia veritatis sed quia praesentium. Officiis quis dolore iusto aut ab voluptas.',NULL,NULL,NULL,NULL,NULL,'2020-12-28 20:35:21','2006-09-15 15:20:48'),(77,51,10,19,'Mollitia ab nostrum molestias eveniet. Excepturi autem omnis unde et aliquid. Et nostrum et rerum et eius. A dolore at et officia. Corporis vero et deserunt officia harum.',NULL,NULL,NULL,NULL,NULL,'1984-05-30 10:50:29','2020-09-27 17:05:38'),(78,28,28,9,'Corporis alias quos quod id quo explicabo. Esse officia consequatur culpa sint sit laudantium quia.\nDistinctio sed nihil corrupti doloribus quos. Voluptates dolor unde minus ut molestiae.',NULL,NULL,NULL,NULL,NULL,'1997-08-14 01:19:49','2010-06-07 07:59:35'),(79,24,24,23,'Vitae rerum voluptatem cum ea. Laudantium voluptas qui qui nemo. Totam exercitationem eos quod repellendus nisi rerum veniam. Quia excepturi illum sed odit in.',NULL,NULL,NULL,NULL,NULL,'2001-05-06 00:18:32',NULL),(80,13,13,27,'Accusantium quidem possimus velit rerum aliquid. Dolor dignissimos natus sit doloremque. Sit ad aut optio aut.',NULL,NULL,NULL,NULL,NULL,'1999-02-21 01:37:43','1973-11-01 05:35:19'),(81,55,8,29,'Id quod velit quasi vero voluptatem minima. Consequatur quam laudantium voluptatem pariatur itaque incidunt veritatis. Aspernatur eaque quaerat nostrum blanditiis a.',NULL,NULL,NULL,NULL,NULL,'1980-08-23 23:55:20','1996-10-24 08:02:13'),(82,2,2,24,'Omnis non dolores saepe voluptate. Dolores et eum in id.',NULL,NULL,NULL,NULL,NULL,'1970-10-30 22:12:00',NULL),(83,20,20,16,'Aut dolores dolores consectetur quae. Consectetur quibusdam quia mollitia dolorem. Aut vero eligendi vero quam id cum. Quia assumenda est quos optio rerum cupiditate.',NULL,NULL,NULL,NULL,NULL,'2015-08-25 08:59:03','2001-05-26 00:43:05'),(84,58,20,8,'Tenetur nostrum occaecati quidem unde. Et placeat modi enim mollitia. Est et facilis non quasi quia. Aperiam tempora itaque nesciunt laudantium.',NULL,NULL,NULL,NULL,NULL,'2004-09-09 10:42:48',NULL),(85,47,4,17,'Qui voluptates facilis quibusdam. Nemo sed quidem nam ea vero ipsum optio id. Quae nemo aut quasi omnis.',NULL,NULL,NULL,NULL,NULL,'2012-01-06 20:55:13','2000-03-02 06:10:00'),(86,61,8,15,'Nemo dolorum rerum qui aut. Vel consequuntur consequatur deleniti laboriosam accusantium id cum. Doloremque eius sapiente aliquid ratione blanditiis. Qui velit nam ea quo veritatis.',NULL,NULL,NULL,NULL,NULL,'1988-09-22 14:01:25','1989-09-30 01:45:25'),(87,54,30,25,'Illo deleniti autem blanditiis. Eum autem quos aspernatur libero. Voluptatibus a quo modi dolorum.\nQuam saepe ea qui. Eveniet beatae odio accusantium eum consectetur.',NULL,NULL,NULL,NULL,NULL,'2002-08-22 10:23:02',NULL),(88,28,28,21,'Quasi voluptatem repellat alias aut laudantium. Quos corporis reprehenderit fugit qui ut deserunt quaerat. Vel cum fuga rerum inventore.',NULL,NULL,NULL,NULL,NULL,'2016-09-04 04:38:13','1993-12-29 20:35:58'),(89,47,22,27,'Reiciendis deserunt ex aspernatur sit. Nihil vel quidem voluptatem qui qui. Laborum non quaerat et cupiditate libero. Dignissimos a commodi aut quia expedita.',NULL,NULL,NULL,NULL,NULL,'1994-08-24 16:09:05','1996-11-01 04:17:10'),(90,29,29,1,'Omnis laboriosam qui aut blanditiis fugiat eos voluptate numquam. Minima dolore vero voluptas assumenda animi.',NULL,NULL,NULL,NULL,NULL,'2005-08-06 23:47:28',NULL),(91,21,21,8,'Laudantium sit dolorem voluptate mollitia veritatis et. Et cupiditate omnis voluptatem sed dignissimos sunt. Odio et ab tenetur quas.',NULL,NULL,NULL,NULL,NULL,'2010-11-13 22:33:29',NULL),(92,18,18,14,'Cum impedit est hic unde reiciendis veritatis non illum. Aperiam doloribus illo inventore vero magni. Quia soluta voluptatem molestiae omnis. Aliquid hic ipsam ducimus consequatur.',NULL,NULL,NULL,NULL,NULL,'2007-08-18 07:41:18','1999-05-21 19:58:58'),(93,3,3,29,'Rerum enim eius nihil voluptatem. Voluptas odio voluptatem quod nemo ut sit repudiandae. Quo magni ut tempora aut. Et eligendi ipsa repellendus similique quam asperiores.',NULL,NULL,NULL,NULL,NULL,'2001-05-24 11:12:02','2007-02-06 14:39:43'),(94,38,24,19,'Ea commodi quasi omnis odit pariatur quidem saepe. Enim possimus adipisci qui. Eos mollitia ab saepe doloribus dicta fugiat. Soluta non culpa dolorem molestiae voluptates voluptas.',NULL,NULL,NULL,NULL,NULL,'1981-08-11 21:13:16',NULL),(95,55,14,22,'Cumque qui assumenda illo cumque voluptatum neque. Repudiandae quaerat enim temporibus fuga sit. Quidem voluptatem provident autem eos dolorem.',NULL,NULL,NULL,NULL,NULL,'2012-10-06 19:55:21',NULL),(96,23,23,29,'Consequuntur expedita ipsum iusto. Sed deserunt eum nam quidem consequatur velit repudiandae. Qui quia vel iure odit amet.',NULL,NULL,NULL,NULL,NULL,'2008-11-16 08:52:44',NULL),(97,56,3,29,'Temporibus rerum molestiae quis incidunt. Iure assumenda sequi et suscipit animi sint. Fugit molestias veritatis nihil repudiandae.',NULL,NULL,NULL,NULL,NULL,'1978-06-04 06:44:28',NULL),(98,43,15,10,'Officiis dolorem voluptatem nulla est quia doloremque. Tempora deleniti veritatis repellendus eaque beatae cupiditate. Asperiores et nobis quis.',NULL,NULL,NULL,NULL,NULL,'1980-10-04 14:58:59','2008-07-06 10:05:51'),(99,20,20,1,'Culpa omnis tempora quas consectetur cumque molestias. Debitis commodi eos reprehenderit minima sed numquam laudantium assumenda. Non eos delectus asperiores expedita est. Et labore ipsa accusantium.',NULL,NULL,NULL,NULL,NULL,'1996-09-06 03:28:32',NULL),(100,12,12,27,'Consequatur quod placeat et ut et voluptatem reiciendis. Ad placeat velit cupiditate et possimus. Deserunt voluptatem ut ad impedit dicta deleniti et nam.',NULL,NULL,NULL,NULL,NULL,'2011-11-26 21:06:16','2014-02-20 07:27:58'),(101,13,13,17,'Quisquam at voluptatum illo dolores labore illo ut et. Earum doloribus rem in. Sed odio laboriosam voluptatem est quia quia vero laboriosam.',NULL,NULL,NULL,NULL,NULL,'1996-12-24 21:26:49',NULL),(102,32,4,7,'Soluta laudantium laboriosam ex. Error ut at fugit vitae officia quo. Dolor neque odio tenetur explicabo.\nRepudiandae fugit deserunt deserunt hic nobis. Ea sed impedit in ipsam.',NULL,NULL,NULL,NULL,NULL,'1992-05-29 08:36:32',NULL),(103,62,5,6,'Et nemo quaerat voluptatem voluptates tempora voluptates accusantium. Qui est quis facere in odio culpa. Aliquid eum voluptatem rerum. Eaque doloribus est amet distinctio.',NULL,NULL,NULL,NULL,NULL,'1993-03-13 20:18:12','1999-12-30 07:59:09'),(104,59,21,30,'Ullam non possimus tenetur. Nam placeat at aut tempore ut corporis. Praesentium sit voluptatem a accusantium. Quidem velit saepe dolor nobis reiciendis.',NULL,NULL,NULL,NULL,NULL,'1977-04-01 13:57:04','1974-07-24 17:33:00'),(105,31,14,16,'Fuga sit velit quae totam dignissimos. Quia occaecati ut at. Consectetur doloribus dolore eum tempora impedit. Repellat voluptate qui atque minima quia natus rem.',NULL,NULL,NULL,NULL,NULL,'1994-05-27 09:47:04','1998-05-29 18:07:54'),(106,11,11,23,'Voluptas odio provident doloremque tempore ad voluptas aut. Blanditiis odio atque est suscipit. Autem dicta nostrum expedita quia dolor voluptas.',NULL,NULL,NULL,NULL,NULL,'2002-05-09 06:19:04',NULL),(107,9,9,26,'Ad quas autem quam commodi omnis et veniam. Asperiores sed iure quia laboriosam consequatur nulla explicabo. Excepturi deserunt odio amet dolorem quibusdam atque.',NULL,NULL,NULL,NULL,NULL,'1988-03-22 15:51:04',NULL),(108,5,5,11,'Iure quis doloribus ex et tempore. Similique ut sint deserunt. Rerum nostrum dicta iste amet in nobis.',NULL,NULL,NULL,NULL,NULL,'2003-09-20 01:30:52',NULL),(109,27,27,15,'Id id sed nihil voluptatibus aliquid. Adipisci aperiam magnam perferendis eius ipsa. Qui asperiores voluptas aperiam. Perferendis laudantium dolore excepturi est a voluptates nihil non.',NULL,NULL,NULL,NULL,NULL,'1996-09-21 18:21:45',NULL),(110,28,28,2,'Officiis eum consectetur cumque magni voluptatem et. Autem ea voluptatem animi sit cum ut vel. Natus est veritatis nihil. Laudantium nemo mollitia praesentium deserunt accusantium mollitia eos.',NULL,NULL,NULL,NULL,NULL,'1972-01-17 07:55:13','2006-06-12 21:54:48'),(111,20,20,28,'Quasi dignissimos cum amet quo. Sit modi amet autem.',NULL,NULL,NULL,NULL,NULL,'1981-05-16 06:16:21','1985-09-08 09:36:23'),(112,59,7,1,'Ab explicabo voluptas quaerat earum illum. Et nostrum reiciendis quo repellat aut dolores quia est. Quos aut sed odit cupiditate eum.',NULL,NULL,NULL,NULL,NULL,'1975-12-07 19:26:41',NULL),(113,5,5,5,'Quia consequatur qui cupiditate. Esse ut ab et inventore dolorem. Ut iusto voluptates consequatur labore at.',NULL,NULL,NULL,NULL,NULL,'1978-12-04 18:21:49','1995-08-10 21:13:46'),(114,19,19,26,'Maiores at qui nobis. Corporis earum autem dolores expedita sit voluptatem. Velit iusto quo eveniet sequi velit odit similique.',NULL,NULL,NULL,NULL,NULL,'1999-07-26 05:20:43','1973-04-09 12:27:56'),(115,17,17,9,'Nesciunt et quae placeat atque qui. Expedita repellendus architecto qui quo ea. Voluptatum aut quaerat id soluta iure molestias. Temporibus qui rerum ullam.',NULL,NULL,NULL,NULL,NULL,'2007-10-09 20:54:35','2001-11-06 17:03:39'),(116,48,17,2,'Numquam consequatur voluptatibus est veniam. Error provident similique facilis error esse. Nihil ea numquam ut ut dolorum exercitationem ab. Sunt dolores magni assumenda voluptatum earum.',NULL,NULL,NULL,NULL,NULL,'2015-01-26 05:09:07',NULL),(117,31,3,19,'Quod quia ea unde aliquam deserunt. Optio soluta id amet sapiente. Numquam quod consequatur corrupti ut aut saepe. Repudiandae architecto debitis ratione enim sed.',NULL,NULL,NULL,NULL,NULL,'2001-03-24 21:25:23',NULL),(118,20,20,24,'Quas ipsam aut eius quas nostrum porro totam. Aut voluptates veniam qui illo vitae minus facilis. Excepturi odit et laborum tenetur reiciendis aut.',NULL,NULL,NULL,NULL,NULL,'2000-02-10 14:38:28','1992-01-19 07:18:22'),(119,44,3,7,'Quam rerum iure laboriosam est. Ex dolorem est qui dicta quidem maiores omnis. Unde quos vel quo.',NULL,NULL,NULL,NULL,NULL,'2020-08-01 18:25:36','2000-04-09 22:14:26'),(120,8,8,25,'Quos laudantium consequatur aut sunt molestias. Commodi recusandae officiis praesentium vitae magnam sint.',NULL,NULL,NULL,NULL,NULL,'1985-10-26 09:15:24',NULL),(121,12,12,18,'Vel est ad corrupti dolorum totam est rerum. A sint libero ipsum consequatur eos iste. Iste voluptatem autem excepturi tenetur quia cumque sint.',NULL,NULL,NULL,NULL,NULL,'1979-08-27 19:09:04',NULL),(122,6,6,25,'Itaque laborum unde eum sit impedit corporis aperiam. Sunt repellat est modi ducimus. Quis voluptate impedit ut explicabo ut.',NULL,NULL,NULL,NULL,NULL,'2012-03-15 18:59:44',NULL),(123,8,8,28,'Veniam nam qui blanditiis sit consequatur. Id et praesentium rerum qui. Veritatis accusantium ratione aut nobis. Incidunt molestias qui quam autem ut quaerat.',NULL,NULL,NULL,NULL,NULL,'1973-12-07 21:14:25',NULL),(124,19,19,27,'Sunt qui vel qui adipisci aut aut. Animi iusto atque quia in. Quaerat ducimus rem nesciunt porro doloremque vitae laboriosam. Tenetur eligendi molestiae voluptas nemo voluptatibus.',NULL,NULL,NULL,NULL,NULL,'2014-02-22 23:21:29',NULL),(125,8,8,8,'Qui saepe minima qui. Quis repellat fugiat consequatur sint qui cum sed. Nemo voluptatem sint exercitationem et dignissimos.',NULL,NULL,NULL,NULL,NULL,'2016-09-11 05:30:38','2020-07-03 09:10:51'),(126,28,28,24,'Vel non assumenda maiores dicta odio molestiae corporis. Vero exercitationem nobis dicta qui qui voluptatem corporis. Eligendi inventore dolor voluptate quis.',NULL,NULL,NULL,NULL,NULL,'2018-03-27 20:34:34','2005-10-29 03:18:57'),(127,32,8,14,'Est error laboriosam eligendi suscipit commodi aperiam nihil. Hic est harum tempora ut blanditiis laudantium. Et sed dolorum repellat omnis sit consequatur.',NULL,NULL,NULL,NULL,NULL,'1970-04-06 15:21:43',NULL),(128,4,4,5,'Amet et optio rerum consequuntur sed consequatur. Quas voluptates aperiam itaque vel molestias ullam. Dolore illum omnis mollitia neque voluptate. Alias quis ipsa sit aut ex quibusdam.',NULL,NULL,NULL,NULL,NULL,'2018-07-23 08:31:20',NULL),(129,59,6,8,'Similique ea quis vero ut natus sunt ea. Sit et accusamus unde omnis et labore voluptatem. Quae cumque consectetur ipsa recusandae in quis ut.',NULL,NULL,NULL,NULL,NULL,'2010-02-28 05:50:47',NULL),(130,4,4,22,'Voluptates voluptatibus quia quis inventore similique. Fugit facere sint sed voluptas dolores cum soluta. Voluptas laboriosam eveniet rerum consectetur.',NULL,NULL,NULL,NULL,NULL,'2006-11-27 13:19:57','1971-12-28 11:14:25'),(131,61,14,15,'Ab minus est et ipsam vel. Aspernatur quam non assumenda voluptatum. Quia id placeat id ut rerum. Accusantium enim quo eligendi qui consequatur.',NULL,NULL,NULL,NULL,NULL,'1986-09-01 04:39:19','1987-03-23 00:32:37'),(132,32,17,3,'Quibusdam ut maiores facilis illum. Quos natus et et architecto. Fugiat non esse provident.',NULL,NULL,NULL,NULL,NULL,'2014-03-19 11:13:19','1983-07-26 22:31:46'),(133,20,20,22,'Autem facilis incidunt non odit autem alias et porro. Maxime architecto eligendi illo deserunt odit. Amet eos minima voluptatum qui inventore. Nam dignissimos culpa et.',NULL,NULL,NULL,NULL,NULL,'1998-09-05 03:17:53','2005-09-05 09:17:33'),(134,15,15,20,'Ut qui fugit rem repellendus mollitia maxime at. At officiis aut nihil enim cumque aut. Quas excepturi omnis animi.',NULL,NULL,NULL,NULL,NULL,'2019-06-02 10:19:28',NULL),(135,7,7,25,'Expedita et laboriosam est rem et. Velit tempora quo perspiciatis dignissimos consectetur error voluptatem non. At blanditiis nostrum culpa sint illo.',NULL,NULL,NULL,NULL,NULL,'1992-09-02 08:12:06',NULL),(136,25,25,20,'Dolor facere accusantium ad aut voluptatem. Ullam nulla sed repudiandae quisquam. Et molestiae voluptatem qui debitis. Sit vel quibusdam quae velit ea fuga.',NULL,NULL,NULL,NULL,NULL,'1983-07-13 02:11:48','2018-05-04 08:36:48'),(137,11,11,28,'Iure est cumque et non. Sunt eos ut qui nulla. Ex ut quia necessitatibus. Incidunt nostrum eum qui rem.',NULL,NULL,NULL,NULL,NULL,'2003-09-01 21:22:07',NULL),(138,42,28,14,'Qui aut quibusdam ratione doloremque voluptas ducimus. Laudantium qui velit odio eos culpa beatae. Incidunt iure reprehenderit eum eos.',NULL,NULL,NULL,NULL,NULL,'1981-04-25 21:07:31','1979-07-03 05:46:28'),(139,54,23,19,'Ea dignissimos nobis consectetur qui non omnis. Voluptatum et et eum aliquam consequuntur molestiae. Magni numquam ut rerum totam at deserunt. Mollitia a dolorem rerum eos dolorem facere esse.',NULL,NULL,NULL,NULL,NULL,'1985-12-20 06:53:52','1976-06-30 16:55:24'),(140,1,1,28,'Facere veniam velit consectetur aut aliquam quas odio. A beatae dolor nam quis excepturi quia eos ducimus.',NULL,NULL,NULL,NULL,NULL,'1985-09-04 00:32:33',NULL),(141,52,20,12,'Ullam autem neque et earum autem voluptas. Et molestiae consequuntur omnis voluptatem placeat id. Quidem eum velit quibusdam modi occaecati. Mollitia repellendus eaque rerum atque nesciunt.',NULL,NULL,NULL,NULL,NULL,'2005-10-26 04:22:02','2017-02-02 07:50:41'),(142,15,15,28,'Aut necessitatibus quidem ea saepe. Quos quos architecto dolorem earum. Deleniti repellat et excepturi quibusdam. Sunt sit maxime voluptate ab.',NULL,NULL,NULL,NULL,NULL,'1972-02-27 21:51:01','1999-06-23 03:10:55'),(143,20,20,17,'Perferendis aut quis a sunt necessitatibus. Ratione nemo quo delectus nihil. Eos eos consequatur similique autem animi id corporis. Enim sed sunt ut voluptas rem aperiam.',NULL,NULL,NULL,NULL,NULL,'1971-05-01 15:20:56','2004-02-25 19:16:16'),(144,2,2,14,'Et impedit dignissimos laudantium iure rerum porro. Praesentium nesciunt officiis ea maiores ab amet est. Nobis voluptate magni sit autem occaecati eum.',NULL,NULL,NULL,NULL,NULL,'2005-02-15 09:17:52','1978-10-18 09:52:21'),(145,47,21,14,'Id ut ut similique nostrum. Rem minima molestiae et beatae eveniet. Sunt reprehenderit consequatur et et. Quia beatae molestiae consequatur aut.',NULL,NULL,NULL,NULL,NULL,'1973-12-08 04:23:27',NULL),(146,34,1,27,'Facilis veniam rerum repellendus reprehenderit sit accusantium eos. Quos optio unde laudantium assumenda. Est quia id nihil dicta et ad.',NULL,NULL,NULL,NULL,NULL,'1984-03-27 06:27:50','1977-07-21 16:30:23'),(147,9,9,22,'Nostrum deleniti officia sed adipisci nisi a ut. Voluptatem deserunt nam sed dignissimos mollitia aut. Et explicabo ut rerum. Voluptatem ipsa dicta architecto distinctio et.',NULL,NULL,NULL,NULL,NULL,'2004-08-22 20:54:31',NULL),(148,3,3,19,'Dicta officia possimus excepturi quod voluptatem cum voluptas quis. Quaerat deserunt saepe suscipit ab expedita. Debitis saepe sit et. Ipsa veniam esse voluptatibus deleniti iusto.',NULL,NULL,NULL,NULL,NULL,'2004-11-17 00:56:06','1990-04-13 05:10:37'),(149,35,16,11,'Asperiores pariatur molestiae vel. Quia placeat iusto quidem aut ut perspiciatis numquam minima. Culpa et deserunt soluta architecto qui voluptatibus impedit.',NULL,NULL,NULL,NULL,NULL,'2007-12-05 05:19:50','1987-01-21 02:44:51'),(150,9,9,5,'Cum in qui laborum rerum molestiae. Qui ratione accusantium quos voluptates. Earum totam dicta sunt corrupti itaque. Temporibus tempore harum officiis dignissimos quae.',NULL,NULL,NULL,NULL,NULL,'2021-03-09 19:16:11',NULL),(151,3,3,24,'Porro in eaque asperiores libero voluptate porro. Et aspernatur mollitia reiciendis quaerat quasi possimus ea. Illo ipsum vero adipisci reprehenderit in optio doloremque.',NULL,NULL,NULL,NULL,NULL,'1974-12-09 04:54:47','2015-05-24 17:06:07'),(152,29,29,27,'Quia ratione officiis consectetur molestias qui sint. Ut autem enim consequuntur ea reprehenderit ut.',NULL,NULL,NULL,NULL,NULL,'2018-09-11 13:13:18','2015-08-11 11:35:35'),(153,22,22,8,'Est ipsam voluptatem qui quo error et. Voluptatem aut quibusdam velit omnis neque quos dolores qui. Culpa quis et est deserunt aperiam iste minima. Dolor et aut quia nemo rerum dolores.',NULL,NULL,NULL,NULL,NULL,'1988-10-23 16:50:19','2019-06-24 12:35:33'),(154,60,24,26,'Provident sit est pariatur quia. Ab enim sunt reprehenderit. Dicta vel omnis debitis accusamus aut et nulla.',NULL,NULL,NULL,NULL,NULL,'2013-12-20 04:52:08','2008-11-05 14:31:17'),(155,22,22,16,'Ducimus totam dolores adipisci. Eos facere qui natus eligendi quibusdam sapiente quaerat aperiam.',NULL,NULL,NULL,NULL,NULL,'1997-03-08 08:44:48','2005-10-06 04:53:23'),(156,54,29,17,'Suscipit assumenda nisi reprehenderit explicabo. Laudantium reiciendis eaque et. Architecto ducimus sint sit sint et perferendis.',NULL,NULL,NULL,NULL,NULL,'2016-07-12 20:45:16',NULL),(157,45,3,22,'Repudiandae facere nemo incidunt quas mollitia qui et. Eius dolores iure voluptate rem optio laboriosam aperiam. Illo doloribus aut aut eos. Natus minima sed quia quidem recusandae fugiat.',NULL,NULL,NULL,NULL,NULL,'1987-05-03 12:43:04','1973-05-16 18:08:17'),(158,25,25,15,'Exercitationem neque ullam sunt tempora maxime. Sit et quam molestiae id minima maxime saepe. Ratione officiis aspernatur aut qui qui voluptates voluptas.',NULL,NULL,NULL,NULL,NULL,'2017-09-08 21:57:48',NULL),(159,69,18,1,'Accusamus sed atque eum est iusto illo. Reiciendis itaque perspiciatis est. Ratione quo sint recusandae magni.',NULL,NULL,NULL,NULL,NULL,'1985-06-11 20:16:30',NULL),(160,24,24,17,'Autem autem aspernatur voluptatem dolorem beatae sint aut. Harum et ea omnis quod ut sed dicta. Voluptatem sed ipsam accusamus totam et est placeat.',NULL,NULL,NULL,NULL,NULL,'1983-09-12 22:01:32','2006-09-26 03:40:51'),(161,35,23,26,'Earum fuga est sint qui. Consequuntur suscipit blanditiis dolor unde. Non quos non deleniti animi vero voluptas minus odit.',NULL,NULL,NULL,NULL,NULL,'2014-05-24 01:09:03','1987-01-08 18:59:15'),(162,19,19,11,'Pariatur incidunt dolorem illum cumque. Omnis sit sed sed repudiandae suscipit corporis neque iusto. Nisi nemo soluta quis nostrum laudantium fuga animi. Eaque quidem qui et ut est.',NULL,NULL,NULL,NULL,NULL,'1983-07-23 21:00:03',NULL),(163,11,11,4,'Suscipit error est vero id. Voluptatem doloribus quo qui fugit. A omnis voluptatem veniam sunt omnis.',NULL,NULL,NULL,NULL,NULL,'1978-05-26 03:52:30','1993-04-05 23:54:17'),(164,29,29,28,'Reprehenderit et tempora odit molestias rem ut. Est optio officia nulla maxime quia quia. Id impedit nostrum fugiat autem est nisi placeat qui.',NULL,NULL,NULL,NULL,NULL,'1985-06-08 14:32:40',NULL),(165,18,18,12,'Maxime saepe dolor sunt rerum numquam unde iste maxime. Minima quia eum voluptatum et ea vel consequatur. Voluptas deserunt sed aut incidunt molestiae ea omnis laboriosam.',NULL,NULL,NULL,NULL,NULL,'1982-08-13 16:55:20',NULL),(166,54,12,10,'Itaque aut doloremque voluptatum in qui. Quae et nisi laborum perferendis. Esse perferendis suscipit voluptatem velit.',NULL,NULL,NULL,NULL,NULL,'2006-10-16 08:33:02',NULL),(167,23,23,12,'Qui est laborum magni saepe debitis aliquam. Expedita voluptates maxime aut.',NULL,NULL,NULL,NULL,NULL,'1970-02-10 03:15:23',NULL),(168,3,3,15,'Libero nulla error voluptatem fugiat saepe corrupti. Non nihil autem ab voluptatem et. Voluptas mollitia velit voluptatem atque non quos nobis.',NULL,NULL,NULL,NULL,NULL,'1979-06-04 16:45:32',NULL),(169,36,11,3,'Voluptate sint sunt id dolor et adipisci. At cum harum ut odio corporis. Eligendi fugiat aliquam distinctio velit assumenda.',NULL,NULL,NULL,NULL,NULL,'2001-12-10 20:11:42',NULL),(170,37,22,24,'Distinctio consequuntur est asperiores sed voluptate. Sit sed nisi tempora sed voluptates maiores quis. Sed aut ratione minus quo. Deserunt vel voluptatem soluta sunt.',NULL,NULL,NULL,NULL,NULL,'2021-04-30 20:10:17',NULL),(171,7,7,17,'Dicta qui aut ut. Eligendi praesentium earum sed eligendi vel pariatur. Vel error quisquam enim rerum nesciunt magni.',NULL,NULL,NULL,NULL,NULL,'1987-05-19 08:43:33',NULL),(172,65,14,21,'Eius voluptatibus fugiat reiciendis vitae. Cupiditate qui odio nostrum. Quibusdam ut hic consequuntur atque delectus est labore. Fuga sunt distinctio neque nihil impedit.',NULL,NULL,NULL,NULL,NULL,'1988-10-23 08:07:29',NULL),(173,19,19,5,'Voluptatem architecto officia iusto. Quibusdam temporibus aliquid dolores facere.',NULL,NULL,NULL,NULL,NULL,'2010-02-11 01:57:49',NULL),(174,27,27,15,'Alias quam aperiam iure est. Ab sequi praesentium ut assumenda. Natus architecto iusto est maiores quae sapiente at cum.',NULL,NULL,NULL,NULL,NULL,'1979-08-28 21:31:23',NULL),(175,20,20,3,'Nihil repudiandae dolorum eum at in. Dolorem dicta et quod iste enim necessitatibus libero. Vitae voluptatem velit unde aperiam. Quia architecto quod est delectus officia architecto est molestias.',NULL,NULL,NULL,NULL,NULL,'2000-10-18 16:09:04','1973-04-25 21:27:19'),(176,46,2,15,'Commodi eos maxime impedit explicabo. Eligendi eum facere similique et est minima non. Omnis qui culpa quam accusamus ut magnam. Omnis ullam ea velit et voluptatum fuga.',NULL,NULL,NULL,NULL,NULL,'2004-05-16 12:02:32','2019-01-30 10:26:12'),(177,69,11,16,'Ipsum voluptatem iste accusamus et nulla libero error est. Doloremque vero eum eos accusantium vero et. Voluptas enim et nulla ipsa voluptate inventore ut.',NULL,NULL,NULL,NULL,NULL,'1984-06-05 17:03:33','2002-02-13 00:27:41'),(178,26,26,27,'Odit sint in fugiat et eius veniam. Est officia aliquid quisquam porro et in totam. Dolorem accusamus ut repudiandae possimus ut.',NULL,NULL,NULL,NULL,NULL,'2013-05-20 04:16:55',NULL),(179,61,27,8,'Asperiores minus est vero voluptatum. Nihil accusamus et autem nihil repellat. Facere impedit voluptatibus iste nemo quasi molestiae facilis quas. Odio optio ut error laboriosam.',NULL,NULL,NULL,NULL,NULL,'2016-08-07 03:32:24','2013-10-18 16:06:41'),(180,67,13,29,'Provident in modi quo voluptates. Ut debitis voluptatibus dolores velit. Ut aut blanditiis assumenda culpa cupiditate ipsam.',NULL,NULL,NULL,NULL,NULL,'1994-07-19 06:19:05',NULL),(181,52,16,5,'Veniam qui vitae unde animi cupiditate dolores. Adipisci nisi consequatur aut aut. Facilis atque nihil exercitationem sed.',NULL,NULL,NULL,NULL,NULL,'2020-08-27 04:11:24',NULL),(182,20,20,19,'Ut accusamus quia aut necessitatibus sequi. Doloremque est esse deserunt alias animi omnis magnam. Quas aut eaque quibusdam.',NULL,NULL,NULL,NULL,NULL,'2018-07-15 22:40:08',NULL),(183,68,22,7,'Qui sapiente delectus qui natus in sit. Ut ratione eligendi numquam et neque quas quam ut. Molestiae dicta sint earum voluptatem quasi. Consectetur consequatur vitae voluptatum fuga tempore.',NULL,NULL,NULL,NULL,NULL,'2011-08-23 11:35:49',NULL),(184,9,9,8,'Unde praesentium quae similique suscipit asperiores dolorem. Consectetur quibusdam tempore perspiciatis. Maiores quod deleniti qui accusantium officiis et.',NULL,NULL,NULL,NULL,NULL,'1978-03-25 21:53:24',NULL),(185,42,11,16,'Culpa reprehenderit non sunt. Pariatur neque labore provident. Alias commodi nulla tempore velit. Numquam recusandae ab animi vero harum aut.',NULL,NULL,NULL,NULL,NULL,'1978-03-20 14:57:29',NULL),(186,48,1,17,'Cum architecto tempore praesentium sit nemo. Minima maxime sed iste quod beatae eveniet ullam molestiae. In et minus voluptatem reprehenderit velit omnis.',NULL,NULL,NULL,NULL,NULL,'2016-08-07 01:45:45',NULL),(187,12,12,27,'Amet qui debitis laudantium veritatis alias aliquid. Deserunt sequi nemo perspiciatis molestiae voluptatem aut. Expedita perspiciatis molestiae error consectetur hic magni.',NULL,NULL,NULL,NULL,NULL,'1971-09-11 05:30:51','1976-01-13 05:52:04'),(188,48,11,9,'Est aut fugiat sit asperiores est illo. Qui a quia sunt necessitatibus deleniti. Nisi earum odio officia ab quasi.',NULL,NULL,NULL,NULL,NULL,'2007-08-15 08:57:11','1972-10-15 09:09:55'),(189,41,7,6,'Quasi eius enim architecto excepturi rerum. Laborum ut rerum modi qui eos qui debitis atque. Quia sed nulla occaecati alias.\nEt eos dicta quia maxime. Nulla sed non porro.',NULL,NULL,NULL,NULL,NULL,'2008-03-26 22:55:23','2016-07-18 12:32:51'),(190,59,6,19,'Doloribus id ad dignissimos. Repudiandae qui similique repellendus. Sunt et minima sunt itaque alias quibusdam. Veniam commodi ullam non quos.',NULL,NULL,NULL,NULL,NULL,'2019-06-16 22:51:30',NULL),(191,56,28,4,'Qui non earum cum vero dolores. Ipsam dolorem numquam cumque possimus quas rerum. Distinctio occaecati modi et nesciunt.',NULL,NULL,NULL,NULL,NULL,'2007-12-05 13:09:54','2009-05-24 03:41:37'),(192,66,6,17,'Autem voluptates itaque autem voluptatem excepturi. Aut non quia incidunt quibusdam tempore. Odio dolor dolor ut quo rerum. Quis omnis tenetur dolor omnis.',NULL,NULL,NULL,NULL,NULL,'2017-07-04 04:23:51',NULL),(193,38,5,8,'Odit consequatur consectetur saepe minima cum beatae eius. Quia enim sint et minima id. Debitis ut et et voluptate.',NULL,NULL,NULL,NULL,NULL,'1976-07-28 02:40:55','1984-07-31 15:40:47'),(194,53,9,11,'Et fugit quod quos illum. Ad et non odio. Voluptates hic vel et cum. Voluptatibus quaerat ut est harum quibusdam voluptatem. Omnis et magni laboriosam quisquam cum.',NULL,NULL,NULL,NULL,NULL,'2018-01-15 22:42:20','1971-06-03 12:07:50'),(195,70,27,22,'Laudantium inventore dignissimos rerum dolor est. Consequatur consequatur unde cumque est vel aut inventore. Non sint temporibus harum sint excepturi.',NULL,NULL,NULL,NULL,NULL,'1973-11-08 21:17:18',NULL),(196,35,17,22,'Vel quo illo fuga similique iste suscipit. Corporis sunt placeat quia omnis blanditiis laborum blanditiis. Iste quia nihil id dolor aliquam sunt.',NULL,NULL,NULL,NULL,NULL,'2006-09-21 13:27:00','1981-01-17 01:50:01'),(197,3,3,22,'Similique nam quidem sint expedita sapiente vitae. Provident facere nihil qui et nemo. Molestiae sunt voluptatum exercitationem et illum consequatur ut quis.',NULL,NULL,NULL,NULL,NULL,'2010-04-09 13:48:02',NULL),(198,66,13,3,'Minima laborum nisi sit incidunt ab. Aspernatur nihil sint suscipit.',NULL,NULL,NULL,NULL,NULL,'1983-03-11 16:29:33','2007-05-09 12:40:44'),(199,16,16,10,'Sunt totam et sed est occaecati libero. Totam porro itaque sequi tempore vitae quam autem.',NULL,NULL,NULL,NULL,NULL,'2012-02-01 03:14:10','2011-01-25 00:09:50'),(200,28,28,15,'Officiis ipsam dolor tempore saepe. Fugit veniam est expedita qui et. Dolor accusantium laboriosam quo molestiae est cupiditate voluptatem. Ea et fugit nihil corrupti vitae quas.',NULL,NULL,NULL,NULL,NULL,'1992-10-31 22:23:52','1989-03-05 06:54:12'),(201,1,1,12,'Quis tenetur itaque labore aut occaecati eius. In commodi ipsum vel enim deserunt itaque aut. Cupiditate quos aut optio voluptatum iusto.',NULL,NULL,NULL,NULL,NULL,'1988-12-26 22:46:19','2002-10-06 23:06:32'),(202,9,9,18,'Magnam magnam magni quod voluptatibus eum. Voluptas aspernatur molestias inventore provident necessitatibus ut. Maiores ipsum ipsam enim repudiandae dolor est. Et voluptatum enim magni quaerat.',NULL,NULL,NULL,NULL,NULL,'1996-11-21 21:26:28',NULL),(203,48,3,23,'Consequuntur cumque deserunt sint perspiciatis rerum sit quis. Est esse velit facere et quasi numquam nihil quia. Repudiandae est reiciendis autem optio incidunt cum eum.',NULL,NULL,NULL,NULL,NULL,'1997-12-16 02:46:56',NULL),(204,66,25,1,'Inventore dignissimos dolor et. Sed nesciunt modi et.',NULL,NULL,NULL,NULL,NULL,'1993-08-08 07:29:51','1990-12-19 05:08:52'),(205,20,20,28,'Reiciendis velit a atque qui molestiae. Ut veritatis est et autem perferendis accusantium.',NULL,NULL,NULL,NULL,NULL,'2005-05-08 09:33:58',NULL),(206,69,10,14,'Repudiandae labore odit aut eaque. Est velit harum a nostrum vel esse distinctio. Rerum quae error expedita quod error aut aliquid. Iste non sapiente aliquam reprehenderit sit.',NULL,NULL,NULL,NULL,NULL,'1983-02-18 15:44:57',NULL),(207,50,11,6,'Est quisquam dolorem minima quam quia rerum. Sunt dolorem quia quae accusantium illo. Rem eius recusandae dolor numquam repellendus voluptatibus cum. Aliquid aliquam aspernatur et numquam dolorum.',NULL,NULL,NULL,NULL,NULL,'1984-08-12 13:03:16','1978-07-15 18:40:28'),(208,30,30,18,'Quia voluptatum quas voluptatem et quos. Facilis suscipit repudiandae assumenda consequatur beatae id doloribus culpa. Dolorem vel quia veritatis necessitatibus dicta repellendus voluptas.',NULL,NULL,NULL,NULL,NULL,'2007-07-25 21:50:21',NULL),(209,35,15,17,'Nam libero minus molestiae iste. Molestias aut quibusdam non totam consequatur incidunt. Qui voluptas et magnam recusandae ut vitae.',NULL,NULL,NULL,NULL,NULL,'1977-12-11 08:43:31','1998-12-04 20:43:14'),(210,57,27,11,'Laboriosam et rerum quam eveniet fugiat. Debitis non consectetur sapiente enim expedita. Est aliquid qui qui minus aperiam error enim.',NULL,NULL,NULL,NULL,NULL,'1990-01-01 04:51:08','1992-10-02 16:13:22'),(211,20,20,29,'Ipsam hic aut modi qui molestias illo soluta. Et magni pariatur a eos dolores rerum. Qui rerum pariatur et eum.',NULL,NULL,NULL,NULL,NULL,'2009-08-05 14:13:36','1999-04-29 17:29:20'),(212,48,1,15,'Temporibus omnis dolor quae laboriosam veritatis quibusdam. Nisi quia ex autem ea. Est architecto voluptatum numquam et ullam aspernatur qui.',NULL,NULL,NULL,NULL,NULL,'2017-02-11 03:55:03','2013-01-02 01:28:03'),(213,19,19,17,'Nemo consequatur quo dolore necessitatibus harum itaque a. Quis maxime nihil adipisci quae fugiat omnis. Dolor quam sed nostrum quos velit quo voluptatem. Ea optio voluptas aut aliquid.',NULL,NULL,NULL,NULL,NULL,'1978-10-28 12:00:55',NULL),(214,2,2,12,'Est harum officia maxime veritatis dolorem quo. Vel aut qui dolorem omnis corrupti illo quos. Voluptatibus voluptatem est fugiat ab enim voluptatibus.',NULL,NULL,NULL,NULL,NULL,'1996-09-09 14:01:38','2002-03-07 00:45:54'),(215,4,4,6,'Omnis voluptas sit sapiente est dolores quam. Quam voluptas est neque aliquam. Temporibus consequatur provident non dolores tenetur.\nFacere qui quos dolores sed. Ad aut quos accusamus voluptas.',NULL,NULL,NULL,NULL,NULL,'2011-02-07 09:03:12',NULL),(216,67,27,15,'Sit sit perspiciatis voluptatibus totam omnis mollitia. Asperiores et ea minima quis. Eligendi consequatur hic aut beatae in hic commodi. Quia facilis sed cupiditate tempora.',NULL,NULL,NULL,NULL,NULL,'1973-10-07 18:32:58','1972-05-15 05:20:21'),(217,29,29,26,'Officia sunt eligendi excepturi. Omnis dicta consequatur sequi dolore aut assumenda deserunt. Vero impedit dolor sit ut rerum corrupti quia eius.',NULL,NULL,NULL,NULL,NULL,'1995-12-29 22:15:18','2001-07-06 05:42:58'),(218,42,1,4,'Non quaerat perspiciatis architecto cupiditate eveniet. Nihil blanditiis aut deserunt quos eum. Maiores ut architecto rerum labore magni.',NULL,NULL,NULL,NULL,NULL,'1974-04-04 07:08:31','1987-02-07 18:20:06'),(219,13,13,19,'Voluptas sed nihil aut in. Doloremque voluptatum animi tempore et. Id placeat veritatis vero reprehenderit unde.',NULL,NULL,NULL,NULL,NULL,'1993-09-01 02:53:06',NULL),(220,52,10,16,'Minima asperiores illum et aut. Quia adipisci officia nihil aut. Omnis laudantium dignissimos impedit nesciunt autem possimus quia. Aut voluptatem nostrum hic.',NULL,NULL,NULL,NULL,NULL,'1984-08-31 19:53:41','2011-05-12 11:13:11'),(221,7,7,13,'Ut et sed provident distinctio neque facere eveniet. Eum ut facilis vel eos. Eos molestiae numquam et ipsam iure ducimus. Voluptates eaque quo deleniti et mollitia.',NULL,NULL,NULL,NULL,NULL,'2009-06-11 17:40:58',NULL),(222,4,4,13,'Quae molestias et voluptates earum laudantium eum. Nulla molestias ducimus facilis est molestiae quia excepturi. Nihil nulla et incidunt asperiores perspiciatis repellat aliquid.',NULL,NULL,NULL,NULL,NULL,'2012-09-24 11:38:40',NULL),(223,38,17,4,'Debitis corporis accusamus tempora ut. Repudiandae quos excepturi eos minus aspernatur est. Facilis inventore beatae et id aut enim iste.',NULL,NULL,NULL,NULL,NULL,'2010-09-30 14:15:12','2001-02-12 23:56:10'),(224,6,6,23,'Impedit non placeat facilis alias et qui. Et aspernatur aut eaque qui. Doloremque sed officiis sit ex qui optio. Reiciendis ea id illum tempora maxime qui reiciendis.',NULL,NULL,NULL,NULL,NULL,'1989-02-25 14:54:59','2019-11-10 18:55:04'),(225,32,19,21,'Aut dolores esse tempore. Aut itaque voluptates rerum corporis deleniti molestiae architecto. Esse est quibusdam occaecati nesciunt et eius.',NULL,NULL,NULL,NULL,NULL,'1997-09-26 10:43:07','1988-03-13 23:59:48'),(226,45,17,17,'Et quia occaecati natus itaque. Nam et cumque quia quasi assumenda voluptatibus libero quia. Sit ut laudantium reprehenderit necessitatibus. Eveniet dolore harum beatae ut et esse.',NULL,NULL,NULL,NULL,NULL,'2020-05-28 00:18:07','2020-05-31 22:12:19'),(227,10,10,5,'Sapiente non consequatur placeat tempora perferendis quo laborum dolor. Omnis consequatur ipsum quia accusamus qui doloribus.',NULL,NULL,NULL,NULL,NULL,'2005-08-27 09:50:21','2011-08-27 20:00:08'),(228,68,17,5,'Et debitis hic quo fuga. Nisi quo est quibusdam error placeat cumque voluptas. Veniam excepturi consequatur sed veritatis nihil.',NULL,NULL,NULL,NULL,NULL,'1986-06-12 18:06:37','1981-07-18 00:00:40'),(229,7,7,21,'Et sapiente perspiciatis non dolores. Enim ipsum delectus dignissimos nobis est autem animi. Expedita id dolores unde et dolor. Consequatur natus sunt alias eum.',NULL,NULL,NULL,NULL,NULL,'1986-11-06 00:52:53','1993-02-25 09:23:16'),(230,50,15,30,'Mollitia asperiores ratione officia ullam. Atque quis optio ducimus sequi. Veniam excepturi nulla nemo laboriosam.',NULL,NULL,NULL,NULL,NULL,'1996-09-23 03:23:17',NULL),(231,16,16,18,'Accusamus ipsa omnis eos illo ad qui. Assumenda reiciendis dolorem nihil.',NULL,NULL,NULL,NULL,NULL,'1995-02-05 04:12:45','1988-01-04 21:55:53'),(232,44,19,26,'Dolore est et officiis saepe aut incidunt quam. Necessitatibus id expedita voluptatum.',NULL,NULL,NULL,NULL,NULL,'1983-03-14 15:59:58','2001-10-16 19:40:27'),(233,4,4,12,'Delectus quia blanditiis sint quo et. Officiis sed veritatis deleniti in blanditiis veritatis provident. Vero quas facere totam ratione iure impedit voluptatibus.',NULL,NULL,NULL,NULL,NULL,'2002-07-18 13:42:37',NULL),(234,13,13,29,'Voluptatibus sed molestiae libero molestiae. Pariatur ut tempore quam delectus repellat et quia. Fugiat libero quia molestias ut.',NULL,NULL,NULL,NULL,NULL,'2002-06-10 03:00:32',NULL),(235,66,21,17,'Cumque nesciunt quis sit est corrupti commodi. Autem pariatur a magni eligendi odit quod.',NULL,NULL,NULL,NULL,NULL,'1979-10-30 06:40:00','1994-03-28 08:57:44'),(236,43,10,4,'Dicta ipsa nulla doloremque dignissimos quia. Quia sint corrupti quaerat dolor qui laborum et in. Voluptatibus tempore hic nam iure voluptas aperiam nihil. Veniam vitae fugiat quidem et dolorem.',NULL,NULL,NULL,NULL,NULL,'1970-01-25 18:06:36','2011-08-26 13:33:31'),(237,12,12,3,'Aut dicta officiis rerum aut omnis. Dolorem debitis nemo enim ipsa omnis quae optio. Eveniet occaecati nisi harum animi et rerum. Magni quis sunt eum repellendus.',NULL,NULL,NULL,NULL,NULL,'2009-11-15 02:52:57','1970-03-04 10:29:41'),(238,23,23,20,'Laboriosam ipsa sed non reprehenderit repudiandae velit vel. Exercitationem aut ea rem culpa. Vero sed voluptates laudantium. Dolore molestiae voluptas quam delectus enim ut.',NULL,NULL,NULL,NULL,NULL,'1981-08-03 13:25:08','1996-06-19 15:18:31'),(239,35,16,12,'Unde et magnam aut reprehenderit. Facilis quae libero et.',NULL,NULL,NULL,NULL,NULL,'2000-11-25 19:34:43','1980-09-14 01:41:53'),(240,12,12,26,'Est aut earum recusandae voluptas iure fugiat odio. Consectetur aut maiores consequatur dicta sunt molestiae aut. Delectus sed a itaque illum optio eos. Quo corporis sit fuga voluptas.',NULL,NULL,NULL,NULL,NULL,'1993-02-11 04:22:14','1984-11-08 10:20:00'),(241,11,11,13,'Et fuga pariatur perspiciatis et laborum molestiae. Molestiae sint error id voluptas odio magnam sunt praesentium. Et et assumenda facilis aut voluptatibus natus.',NULL,NULL,NULL,NULL,NULL,'2009-06-27 02:06:37',NULL),(242,51,2,1,'Labore incidunt repudiandae tempore voluptatibus vel veritatis. Inventore provident reprehenderit ab eveniet aperiam qui. Ipsam quisquam quo alias qui.',NULL,NULL,NULL,NULL,NULL,'1991-04-23 15:13:29',NULL),(243,41,4,6,'Doloremque ducimus omnis ut eveniet cumque. Cupiditate voluptatem totam et ipsam repellendus reiciendis. Ea ea iure distinctio itaque error et.',NULL,NULL,NULL,NULL,NULL,'2007-06-24 08:00:10',NULL),(244,69,9,13,'Aliquam molestiae explicabo et fuga. Voluptatem eum est molestiae nesciunt sit aperiam. Blanditiis consequatur magni at eveniet eum natus.',NULL,NULL,NULL,NULL,NULL,'1982-09-01 09:03:12',NULL),(245,66,8,3,'Tempore dignissimos modi est qui minus autem. Id molestiae vel nisi doloremque. Dolor sint deserunt error repudiandae.',NULL,NULL,NULL,NULL,NULL,'1975-11-12 17:15:20','1997-02-08 01:43:53'),(246,34,26,13,'Sapiente porro cupiditate ad qui. Doloribus assumenda in voluptatem omnis ab eaque similique. Atque impedit explicabo nesciunt et eius a. Recusandae et autem eos expedita culpa.',NULL,NULL,NULL,NULL,NULL,'2006-06-30 18:36:53','1989-11-01 22:16:29'),(247,42,1,27,'Ea mollitia sed et est eos sit quod. Qui voluptas sed asperiores consequuntur ipsum modi. Ad eos voluptatum vero animi distinctio. Qui dolorem porro ducimus dolorem.',NULL,NULL,NULL,NULL,NULL,'1975-05-26 09:54:56',NULL),(248,47,11,10,'Eaque dolore aut animi aut corporis dolores. Veniam sit at aut. Aperiam itaque minus rerum. Iste et est voluptas similique.',NULL,NULL,NULL,NULL,NULL,'2000-09-02 15:20:00','1976-11-04 03:42:20'),(249,21,21,25,'Praesentium dolores consectetur illum. Debitis ut est architecto quo laborum maiores necessitatibus.',NULL,NULL,NULL,NULL,NULL,'1987-11-14 12:54:03',NULL),(250,47,30,2,'Labore iusto expedita consectetur voluptas dolorum numquam soluta. Ut est dolores ut explicabo. Est omnis cupiditate modi. Laudantium eos distinctio mollitia iure quod.',NULL,NULL,NULL,NULL,NULL,'1980-09-20 21:22:23',NULL),(251,36,4,15,'Eum ut excepturi omnis neque sit quaerat nisi quod. Optio rem omnis quis incidunt ducimus rerum. Quia occaecati amet perspiciatis.',NULL,NULL,NULL,NULL,NULL,'2002-03-22 00:05:49',NULL),(252,65,26,17,'Qui eum autem exercitationem quo doloribus explicabo aliquam. Quia et exercitationem nostrum. Eum facere sunt magni magni neque et.',NULL,NULL,NULL,NULL,NULL,'1988-05-07 19:34:26','1985-09-19 20:32:11'),(253,67,14,20,'Delectus facere fuga sit excepturi nihil. Nihil nostrum commodi rem commodi molestiae sunt. Amet et laborum pariatur fugiat incidunt quis inventore mollitia. Id possimus ut temporibus facere.',NULL,NULL,NULL,NULL,NULL,'2019-09-30 04:19:29',NULL),(254,10,10,29,'Iure voluptate sed quos. Facere et et quos fuga velit explicabo animi. Autem voluptatem fugiat dicta autem sunt fugit eum. Iste explicabo ut ullam hic quo fugit enim.',NULL,NULL,NULL,NULL,NULL,'1990-05-26 17:33:01','2007-01-12 02:33:35'),(255,39,11,6,'Exercitationem ullam rerum consectetur ut. Doloribus qui eius ut nihil inventore deleniti. In temporibus eos ipsa dolores rerum quisquam molestiae.',NULL,NULL,NULL,NULL,NULL,'2015-07-02 08:04:23',NULL),(256,46,26,2,'Distinctio et odit voluptate cumque deleniti voluptatibus. Ad neque harum quidem sunt quis quis qui perferendis. Sit ut in vel dolorem velit. Officiis aspernatur debitis consequatur quis et.',NULL,NULL,NULL,NULL,NULL,'1989-10-19 09:26:46','2017-02-10 16:15:09'),(257,5,5,2,'Ut et id magnam error quidem. Placeat perferendis eos eos consequatur voluptatem hic.',NULL,NULL,NULL,NULL,NULL,'1977-12-11 04:44:51','1993-02-02 20:21:42'),(258,67,3,12,'Rerum rem provident enim atque in voluptatem laborum. Modi laboriosam quaerat dolor aperiam similique rerum. Ut consequuntur sed voluptates molestias sed.',NULL,NULL,NULL,NULL,NULL,'2000-07-15 01:06:48','2003-02-18 20:10:28'),(259,19,19,7,'Voluptas accusamus assumenda molestiae incidunt rem est velit. In fuga quibusdam odit rerum est excepturi. Non quasi aliquid ut deserunt maiores incidunt rerum.',NULL,NULL,NULL,NULL,NULL,'2006-09-08 15:44:10',NULL),(260,7,7,7,'Nesciunt ipsam quia sint non qui aperiam. Blanditiis accusamus voluptas recusandae eius qui. Unde dolorem voluptas sapiente voluptatem.',NULL,NULL,NULL,NULL,NULL,'1980-10-01 10:23:01','2002-07-23 14:09:53'),(261,10,10,11,'Corporis sed qui error ut. Nihil debitis architecto excepturi eos qui eius. Explicabo alias nisi a fugiat.',NULL,NULL,NULL,NULL,NULL,'2001-06-23 23:40:11','1973-02-01 00:41:32'),(262,43,15,6,'Voluptas odit repellendus repudiandae. Consequuntur soluta quis hic non at eveniet. Sint ipsum unde quo sed aut voluptatem quia.',NULL,NULL,NULL,NULL,NULL,'1979-09-26 21:32:45',NULL),(263,11,11,19,'Ut aut aliquid et et rem minus id. Qui facilis beatae aut officiis voluptates id. Quis sit distinctio libero. Itaque unde consequuntur asperiores sed.',NULL,NULL,NULL,NULL,NULL,'1972-01-10 23:49:36',NULL),(264,57,18,2,'Necessitatibus veritatis ea perferendis cum molestias eligendi incidunt. Aut aut odit eum quia qui. Architecto illum quasi commodi. Eos ab est excepturi sequi velit quidem.',NULL,NULL,NULL,NULL,NULL,'1972-01-31 09:36:41','1973-12-11 03:40:59'),(265,54,4,13,'Fugiat ex tempore recusandae sint aut iste. Numquam fugiat laudantium dolore qui aut.',NULL,NULL,NULL,NULL,NULL,'1970-07-01 21:59:33',NULL),(266,67,24,8,'Nobis autem delectus omnis deserunt dolorem rerum inventore dignissimos. Numquam in modi rem earum et voluptatum eius. Suscipit quos autem inventore ab aliquid odit.',NULL,NULL,NULL,NULL,NULL,'2008-05-30 11:19:56',NULL),(267,70,26,20,'Voluptatibus eius impedit libero vel. In quasi veniam quia architecto dolorem. Est quos officiis quia incidunt. Vel eaque eveniet aut.',NULL,NULL,NULL,NULL,NULL,'1974-10-06 18:50:48',NULL),(268,4,4,23,'Dolores adipisci labore et et quaerat dicta. Sint dicta aut corrupti nemo et.\nVel cumque repellendus nihil accusamus laudantium aut. Quia consequuntur nostrum aliquid sit qui saepe sit.',NULL,NULL,NULL,NULL,NULL,'1981-02-28 07:27:05','2010-07-25 22:58:44'),(269,32,2,4,'Nihil esse repudiandae nesciunt fugit vel soluta. Esse et autem harum omnis itaque est reiciendis enim. Aut officiis at consequatur placeat ipsa praesentium. Facilis quas autem dolor unde excepturi.',NULL,NULL,NULL,NULL,NULL,'1971-01-21 05:35:38',NULL),(270,47,5,6,'Veritatis laborum nam labore omnis asperiores corrupti. Esse est repellendus libero dignissimos. Consectetur illo non ea inventore mollitia eius accusamus.',NULL,NULL,NULL,NULL,NULL,'2017-08-19 06:46:35','1987-06-18 11:25:42'),(271,62,9,23,'Quod error quibusdam qui perspiciatis voluptate numquam. Exercitationem quae eos neque quo. Tenetur doloremque facilis reprehenderit incidunt dicta qui illum mollitia.',NULL,NULL,NULL,NULL,NULL,'2008-09-28 21:58:20','2011-03-14 11:40:44'),(272,15,15,7,'Incidunt est voluptatem voluptas voluptatem. Qui qui qui quis laborum ut eveniet reiciendis. Esse laudantium ad eaque ullam ullam totam sit. Praesentium consequatur voluptatibus eum.',NULL,NULL,NULL,NULL,NULL,'2007-04-09 12:50:38',NULL),(273,28,28,20,'Incidunt qui occaecati aperiam quas voluptas ratione omnis. Ut soluta corrupti quam sunt. Voluptate voluptates consequatur neque placeat voluptas sunt doloribus.',NULL,NULL,NULL,NULL,NULL,'1971-05-27 12:25:34',NULL),(274,3,3,8,'Non et eos quia sapiente necessitatibus. Est exercitationem incidunt ipsam. Illum sunt est quam neque laborum ut.',NULL,NULL,NULL,NULL,NULL,'2015-05-26 22:14:41',NULL),(275,6,6,11,'Totam id recusandae et est aperiam. Quis aut vitae distinctio quae. Autem aut voluptatem omnis porro veritatis et omnis. Aspernatur id fugiat dolorem deserunt nisi repellat.',NULL,NULL,NULL,NULL,NULL,'2002-03-14 13:05:13','1990-03-20 08:01:42'),(276,35,17,4,'Et rem facere error in. Saepe quia et aspernatur esse iusto et iusto. Unde voluptatum soluta dolore. Laborum est eos sapiente accusantium omnis nostrum.',NULL,NULL,NULL,NULL,NULL,'1996-04-26 09:54:39','2006-12-03 10:42:02'),(277,52,17,29,'Ut nesciunt a provident repellendus. Ut architecto qui ipsum reiciendis a sit ex velit. Ab voluptas quam eaque quidem. Suscipit voluptas dolores ut soluta.',NULL,NULL,NULL,NULL,NULL,'2012-07-20 16:43:57','1971-03-31 18:05:30'),(278,28,28,23,'Consectetur voluptatibus velit asperiores dignissimos molestiae exercitationem voluptatem. Praesentium voluptatum quia sed id. Est nesciunt cum nesciunt et vitae sint.',NULL,NULL,NULL,NULL,NULL,'1979-06-16 09:29:00',NULL),(279,11,11,24,'Eaque odio et tempore. Et quod pariatur quo placeat temporibus ut ea. Commodi vitae tempore consequuntur harum similique quibusdam ipsa. Quae dolorum consequuntur et.',NULL,NULL,NULL,NULL,NULL,'2004-06-07 10:20:08',NULL),(280,19,19,29,'Tempora molestiae libero sed quos asperiores quia rerum. Non in itaque quae dolorem et dolorem debitis. Minima voluptatum vel neque. Ex ut vitae quis voluptas dolor maxime.',NULL,NULL,NULL,NULL,NULL,'2013-05-05 19:50:51','1985-12-16 04:03:33'),(281,32,19,7,'Quidem omnis inventore voluptas quis. Non sit enim laborum natus tempore. Quia pariatur qui corporis repellendus at quod cumque. Nemo quia suscipit error architecto aperiam veritatis.',NULL,NULL,NULL,NULL,NULL,'1993-06-28 14:24:04','1979-10-30 09:22:56'),(282,13,13,3,'Consequuntur autem a minima ea dolorum nisi. Repudiandae aut consequatur odit dolore occaecati nihil. Ipsa assumenda omnis nobis ipsam.',NULL,NULL,NULL,NULL,NULL,'1979-02-18 15:29:10',NULL),(283,29,29,4,'Earum totam ad sit voluptates pariatur ab. Laboriosam aliquid incidunt quis optio vel vero. Iure et non est magnam qui dolore. Ut amet natus aut pariatur et et.',NULL,NULL,NULL,NULL,NULL,'2007-12-20 12:31:49','1992-07-23 11:23:22'),(284,6,6,30,'Qui voluptatem omnis et et. Et dolorem magnam voluptatem nam quis quis porro. Sunt voluptatem eius molestiae cumque non voluptas.',NULL,NULL,NULL,NULL,NULL,'1985-06-25 17:03:58','1971-04-24 01:13:57'),(285,22,22,18,'Mollitia quis amet dolore qui. Sed dolor sunt voluptatem impedit cumque. Quia architecto est doloremque autem omnis. Omnis iusto asperiores odit accusamus sint minus earum.',NULL,NULL,NULL,NULL,NULL,'1981-01-29 19:25:31','1989-02-18 00:18:48'),(286,48,25,5,'Debitis ea autem odio nulla velit repellendus inventore. Iusto voluptatum consequatur corporis nihil. Ex eum enim voluptas et.',NULL,NULL,NULL,NULL,NULL,'2019-06-14 20:41:29',NULL),(287,57,17,22,'Enim autem modi libero non qui minima voluptatem. Aut nihil vero velit aut consequatur. Possimus quod enim ratione sed laboriosam sunt. Laudantium cumque velit doloribus non natus est id qui.',NULL,NULL,NULL,NULL,NULL,'1995-10-16 15:30:30',NULL),(288,54,29,10,'Autem et esse illum et praesentium quia nihil quae. Omnis voluptatem culpa commodi rerum. Suscipit aut totam et veritatis corporis voluptatem.',NULL,NULL,NULL,NULL,NULL,'1976-06-15 15:17:25','1981-06-21 05:32:28'),(289,37,3,12,'Non maiores aliquid et placeat explicabo dolor quia. Praesentium consequatur voluptatem quo delectus beatae architecto eum. Aut itaque magni sequi qui exercitationem tempora repellendus.',NULL,NULL,NULL,NULL,NULL,'1980-05-15 14:54:14','1978-07-05 05:23:11'),(290,23,23,4,'Illum modi et dolore. Itaque in fugit illo molestiae voluptatum. Ab quasi accusamus ut necessitatibus. Sit voluptas ipsam qui alias.',NULL,NULL,NULL,NULL,NULL,'2012-12-24 18:05:19','1995-01-14 03:24:54'),(291,19,19,22,'Quae reprehenderit id vel molestiae excepturi nisi. Sequi qui fugit ut enim ut sit autem. Rerum optio dolorem optio.',NULL,NULL,NULL,NULL,NULL,'2000-11-09 00:23:11',NULL),(292,33,30,16,'Doloremque eum hic perspiciatis fuga sed. Consequatur eos est animi et et at ut. Non rerum ut ducimus qui quia ducimus. Earum est ipsam dolores natus odio quo.',NULL,NULL,NULL,NULL,NULL,'2006-06-02 15:41:58',NULL),(293,40,12,22,'Nemo asperiores ut dolorem alias. Qui minus iste maiores at sit. Magni explicabo tempora autem cupiditate. Rerum ratione quos accusantium earum commodi.',NULL,NULL,NULL,NULL,NULL,'1982-03-25 01:37:29','2015-06-28 20:19:31'),(294,49,14,29,'Nemo perferendis natus unde culpa corporis itaque. Reprehenderit aut dolorum dolores eligendi. Labore fugiat dolorem aut.',NULL,NULL,NULL,NULL,NULL,'2008-08-16 12:23:34',NULL),(295,48,24,9,'In error provident rerum amet ducimus eum. Magni et deleniti error aut. Ut suscipit optio vitae est porro nemo.\nBeatae culpa ut cupiditate sint excepturi iste. Quia qui sed dolores quia.',NULL,NULL,NULL,NULL,NULL,'1997-02-03 11:16:01','1978-01-21 03:36:24'),(296,19,19,3,'Est dolores ut sit dolor non aut dolorem. Exercitationem qui eveniet minus voluptates iusto mollitia et. Ratione sit ipsum corporis nihil.',NULL,NULL,NULL,NULL,NULL,'2018-11-14 15:31:00','1978-06-10 21:55:24'),(297,29,29,19,'Iste et animi ipsam deleniti et assumenda deleniti. Numquam distinctio natus pariatur commodi qui et. Quasi sint id at exercitationem.',NULL,NULL,NULL,NULL,NULL,'1994-07-29 15:28:20','2007-10-30 15:14:26'),(298,9,9,17,'Quis id eaque dolorem minus delectus minima harum. Est mollitia deleniti qui laborum. Inventore dolores commodi illo sint est quia.',NULL,NULL,NULL,NULL,NULL,'2007-11-26 21:09:37',NULL),(299,31,17,20,'Odit amet corrupti velit. Qui quia odio cupiditate aspernatur dolore quis aut. Laboriosam et facilis quis magnam ea.',NULL,NULL,NULL,NULL,NULL,'1987-06-06 21:44:57',NULL),(300,58,26,30,'Corporis labore sit autem ea fugit. Sapiente quam facilis omnis asperiores sed repellat repudiandae. Consequatur necessitatibus delectus mollitia et debitis.',NULL,NULL,NULL,NULL,NULL,'1975-12-11 08:19:16',NULL),(301,66,4,24,NULL,1,NULL,NULL,NULL,NULL,'2014-09-13 00:07:34',NULL),(302,45,18,24,NULL,2,NULL,NULL,NULL,NULL,'2008-08-01 00:18:20',NULL),(303,11,11,5,NULL,3,NULL,NULL,NULL,NULL,'1980-10-22 11:12:44',NULL),(304,62,26,19,NULL,4,NULL,NULL,NULL,NULL,'1978-04-14 11:16:26',NULL),(305,59,16,12,NULL,5,NULL,NULL,NULL,NULL,'2017-02-19 15:38:04',NULL),(306,8,8,26,NULL,6,NULL,NULL,NULL,NULL,'1973-07-21 19:53:29','1987-12-08 05:26:57'),(307,13,13,3,NULL,7,NULL,NULL,NULL,NULL,'1989-09-27 18:51:42',NULL),(308,57,10,4,NULL,8,NULL,NULL,NULL,NULL,'1983-05-12 23:50:39','2008-11-23 05:07:52'),(309,26,26,20,NULL,9,NULL,NULL,NULL,NULL,'2019-07-03 00:54:27','2006-10-29 19:53:06'),(310,70,18,16,NULL,10,NULL,NULL,NULL,NULL,'2013-03-14 20:27:53','1981-01-18 09:35:30'),(311,69,16,20,NULL,11,NULL,NULL,NULL,NULL,'1994-06-18 09:10:59','2011-04-04 06:29:31'),(312,54,5,8,NULL,12,NULL,NULL,NULL,NULL,'2013-10-22 16:22:28',NULL),(313,38,10,13,NULL,13,NULL,NULL,NULL,NULL,'1972-11-30 18:13:55','2001-06-26 13:55:24'),(314,49,6,8,NULL,14,NULL,NULL,NULL,NULL,'1973-07-16 11:44:52','2002-01-01 23:21:28'),(315,23,23,24,NULL,15,NULL,NULL,NULL,NULL,'1997-10-03 06:32:46','2000-03-09 09:33:37'),(316,50,4,18,NULL,16,NULL,NULL,NULL,NULL,'1983-11-09 08:55:56',NULL),(317,39,9,24,NULL,17,NULL,NULL,NULL,NULL,'1972-01-21 06:43:18','2007-05-31 09:47:31'),(318,46,3,4,NULL,18,NULL,NULL,NULL,NULL,'1974-07-22 12:36:08','2014-08-27 10:22:50'),(319,54,14,26,NULL,19,NULL,NULL,NULL,NULL,'1981-11-08 19:06:55',NULL),(320,31,14,14,NULL,20,NULL,NULL,NULL,NULL,'2011-05-10 21:05:43','1994-09-24 22:04:46'),(321,68,14,29,NULL,21,NULL,NULL,NULL,NULL,'2008-05-07 22:34:18',NULL),(322,44,7,4,NULL,22,NULL,NULL,NULL,NULL,'1979-06-05 03:03:45','1997-12-04 12:45:49'),(323,61,23,13,NULL,23,NULL,NULL,NULL,NULL,'2012-11-27 18:20:10',NULL),(324,19,19,18,NULL,24,NULL,NULL,NULL,NULL,'2009-09-14 21:46:21','2015-10-17 20:13:01'),(325,37,23,19,NULL,25,NULL,NULL,NULL,NULL,'1993-11-16 02:59:24',NULL),(326,22,22,22,NULL,1,NULL,NULL,NULL,NULL,'1974-01-12 20:39:11','2006-02-01 12:08:52'),(327,63,1,1,NULL,2,NULL,NULL,NULL,NULL,'1997-06-16 15:13:07','2008-11-09 08:35:10'),(328,48,21,4,NULL,3,NULL,NULL,NULL,NULL,'2010-12-31 03:40:02','1993-04-24 01:17:50'),(329,55,14,18,NULL,4,NULL,NULL,NULL,NULL,'2021-05-01 14:46:08',NULL),(330,46,27,1,NULL,5,NULL,NULL,NULL,NULL,'2010-03-25 19:44:32','1992-05-11 21:37:53'),(331,7,7,14,NULL,6,NULL,NULL,NULL,NULL,'1984-07-31 08:47:09','1975-01-17 06:18:17'),(332,4,4,21,NULL,7,NULL,NULL,NULL,NULL,'1996-01-22 05:53:33','1989-12-12 13:47:34'),(333,12,12,13,NULL,8,NULL,NULL,NULL,NULL,'1993-03-30 03:45:23','1979-03-20 01:41:50'),(334,41,18,26,NULL,9,NULL,NULL,NULL,NULL,'2003-11-06 02:17:19',NULL),(335,13,13,19,NULL,10,NULL,NULL,NULL,NULL,'1987-04-02 03:31:24',NULL),(336,55,13,3,NULL,11,NULL,NULL,NULL,NULL,'1972-02-18 05:39:50','1989-08-24 15:34:15'),(337,36,9,4,NULL,12,NULL,NULL,NULL,NULL,'1972-03-02 15:37:44',NULL),(338,36,30,24,NULL,13,NULL,NULL,NULL,NULL,'1977-08-12 09:54:20',NULL),(339,44,23,7,NULL,14,NULL,NULL,NULL,NULL,'1996-03-04 15:35:33','2013-03-18 20:58:23'),(340,14,14,3,NULL,15,NULL,NULL,NULL,NULL,'1998-11-10 13:39:10',NULL),(341,15,15,28,NULL,16,NULL,NULL,NULL,NULL,'1982-04-18 12:25:38','1975-06-12 15:26:46'),(342,48,17,12,NULL,17,NULL,NULL,NULL,NULL,'1987-06-13 12:18:32','2001-08-15 02:35:35'),(343,25,25,21,NULL,18,NULL,NULL,NULL,NULL,'2001-05-23 15:21:40',NULL),(344,55,9,9,NULL,19,NULL,NULL,NULL,NULL,'1984-05-06 15:39:33','2017-12-31 23:07:26'),(345,46,15,11,NULL,20,NULL,NULL,NULL,NULL,'2007-02-01 02:33:08',NULL),(346,19,19,24,NULL,21,NULL,NULL,NULL,NULL,'2007-02-09 06:58:56',NULL),(347,26,26,3,NULL,22,NULL,NULL,NULL,NULL,'1979-03-07 06:05:45',NULL),(348,33,9,2,NULL,23,NULL,NULL,NULL,NULL,'2002-01-23 22:30:13',NULL),(349,18,18,24,NULL,24,NULL,NULL,NULL,NULL,'1990-01-26 17:55:56',NULL),(350,33,3,6,NULL,25,NULL,NULL,NULL,NULL,'1973-02-03 23:18:56',NULL),(351,39,9,21,NULL,NULL,31,NULL,NULL,NULL,'1977-05-28 14:10:30',NULL),(352,34,29,7,NULL,NULL,32,NULL,NULL,NULL,'1973-07-03 21:00:10',NULL),(353,60,10,28,NULL,NULL,33,NULL,NULL,NULL,'1998-03-05 01:31:21',NULL),(354,39,4,7,NULL,NULL,34,NULL,NULL,NULL,'1994-02-18 10:43:25',NULL),(355,57,23,21,NULL,NULL,35,NULL,NULL,NULL,'1981-10-05 08:20:01',NULL),(356,13,13,29,NULL,NULL,36,NULL,NULL,NULL,'1993-10-08 07:19:31',NULL),(357,67,12,22,NULL,NULL,37,NULL,NULL,NULL,'2011-06-08 17:24:10',NULL),(358,2,2,30,NULL,NULL,38,NULL,NULL,NULL,'1970-07-06 04:33:47','1972-11-04 04:10:12'),(359,6,6,27,NULL,NULL,39,NULL,NULL,NULL,'1992-03-23 16:57:48',NULL),(360,62,17,29,NULL,NULL,40,NULL,NULL,NULL,'2017-11-17 20:03:09','1980-03-02 13:43:55'),(361,5,5,8,NULL,NULL,1,NULL,NULL,NULL,'1973-11-20 01:19:48',NULL),(362,52,18,7,NULL,NULL,2,NULL,NULL,NULL,'2014-05-06 10:38:56',NULL),(363,68,13,16,NULL,NULL,3,NULL,NULL,NULL,'1993-02-22 08:23:54',NULL),(364,62,30,19,NULL,NULL,4,NULL,NULL,NULL,'1981-08-03 14:03:29',NULL),(365,8,8,12,NULL,NULL,5,NULL,NULL,NULL,'1977-11-22 12:57:39','2002-04-28 15:31:48'),(366,57,29,12,NULL,NULL,6,NULL,NULL,NULL,'2020-05-12 20:12:38','1973-11-04 17:54:54'),(367,54,28,24,NULL,NULL,7,NULL,NULL,NULL,'1990-12-06 10:29:02',NULL),(368,34,29,19,NULL,NULL,8,NULL,NULL,NULL,'1996-10-13 06:26:42','1973-06-30 04:52:37'),(369,34,1,22,NULL,NULL,9,NULL,NULL,NULL,'2006-07-05 02:01:23',NULL),(370,25,25,8,NULL,NULL,10,NULL,NULL,NULL,'2019-03-17 09:37:19','2016-02-25 10:46:30'),(371,22,22,11,NULL,NULL,11,NULL,NULL,NULL,'2008-09-07 16:54:01',NULL),(372,39,21,28,NULL,NULL,12,NULL,NULL,NULL,'2012-09-03 05:20:41','2006-06-06 06:57:08'),(373,54,20,11,NULL,NULL,13,NULL,NULL,NULL,'2015-12-01 16:05:49','1991-12-08 23:30:32'),(374,21,21,10,NULL,NULL,14,NULL,NULL,NULL,'2002-02-28 13:08:55',NULL),(375,65,20,4,NULL,NULL,15,NULL,NULL,NULL,'1986-01-29 10:10:23',NULL),(376,21,21,3,NULL,NULL,16,NULL,NULL,NULL,'2010-01-24 10:06:50','1994-08-25 06:07:15'),(377,49,6,30,NULL,NULL,17,NULL,NULL,NULL,'1989-04-23 09:35:05',NULL),(378,33,21,28,NULL,NULL,18,NULL,NULL,NULL,'2016-03-08 05:48:07',NULL),(379,6,6,28,NULL,NULL,19,NULL,NULL,NULL,'1979-09-28 11:21:14','2015-10-13 02:34:00'),(380,55,16,25,NULL,NULL,20,NULL,NULL,NULL,'1991-06-25 04:11:01','2000-09-10 22:55:32'),(381,3,3,23,NULL,NULL,21,NULL,NULL,NULL,'2013-09-15 06:56:24','1984-04-04 12:24:42'),(382,27,27,14,NULL,NULL,22,NULL,NULL,NULL,'2005-01-25 12:19:56','1987-06-22 20:27:47'),(383,22,22,3,NULL,NULL,23,NULL,NULL,NULL,'1994-07-11 11:24:23','1981-03-24 00:19:37'),(384,47,13,19,NULL,NULL,24,NULL,NULL,NULL,'1978-04-14 12:31:01',NULL),(385,70,11,8,NULL,NULL,25,NULL,NULL,NULL,'2015-05-15 07:40:03',NULL),(386,8,8,21,NULL,NULL,26,NULL,NULL,NULL,'1987-09-05 23:23:17',NULL),(387,13,13,27,NULL,NULL,27,NULL,NULL,NULL,'1973-05-10 07:59:21','2009-11-22 12:05:00'),(388,12,12,18,NULL,NULL,28,NULL,NULL,NULL,'2009-09-22 01:40:51','2005-02-23 09:57:15'),(389,6,6,22,NULL,NULL,29,NULL,NULL,NULL,'2015-04-25 08:26:13',NULL),(390,1,1,7,NULL,NULL,30,NULL,NULL,NULL,'1995-11-13 15:00:34','1983-06-03 19:03:16'),(391,57,21,2,NULL,NULL,31,NULL,NULL,NULL,'1987-05-18 18:35:11','2006-07-28 03:20:24'),(392,40,2,12,NULL,NULL,32,NULL,NULL,NULL,'2004-11-01 15:45:55',NULL),(393,1,1,16,NULL,NULL,33,NULL,NULL,NULL,'2012-12-10 01:00:53',NULL),(394,7,7,29,NULL,NULL,34,NULL,NULL,NULL,'2005-09-26 08:29:07',NULL),(395,50,1,9,NULL,NULL,35,NULL,NULL,NULL,'1991-07-08 05:55:56',NULL),(396,67,4,28,NULL,NULL,36,NULL,NULL,NULL,'1982-08-31 06:24:29','2001-10-24 15:31:58'),(397,45,10,7,NULL,NULL,37,NULL,NULL,NULL,'2009-11-06 12:37:44','1998-09-11 13:04:22'),(398,37,14,1,NULL,NULL,38,NULL,NULL,NULL,'1982-04-06 11:04:17',NULL),(399,7,7,27,NULL,NULL,39,NULL,NULL,NULL,'1985-02-03 07:38:18',NULL),(400,57,17,16,NULL,NULL,40,NULL,NULL,NULL,'1997-05-22 16:18:34','1978-12-30 02:55:49'),(401,3,3,6,NULL,NULL,NULL,11,NULL,'Officiis libero inventore pariatur. Dolorem sapiente aut placeat. Eius et ducimus dolores qui laudantium.','2004-02-27 04:53:40',NULL),(402,5,5,7,NULL,NULL,NULL,12,NULL,'Voluptatem aut ut amet voluptas. Fugit architecto sed ut qui. Quia asperiores occaecati deleniti vitae ipsam.','1998-01-02 04:38:28',NULL),(403,33,28,18,NULL,NULL,NULL,13,NULL,'Quos voluptatem voluptatem iste aliquam aperiam. Ut inventore qui eveniet. Explicabo ab distinctio repellat illo odio sed corrupti.','2013-03-13 04:45:57','2019-01-13 17:25:06'),(404,70,1,19,NULL,NULL,NULL,14,NULL,'Expedita unde ex itaque ducimus quisquam consequatur. Totam provident sed blanditiis non molestiae est. Eligendi facilis quod dolor commodi odit.','2011-04-05 00:12:29',NULL),(405,66,22,20,NULL,NULL,NULL,15,NULL,'Rerum nihil laboriosam quo ut. Aut quia architecto quo vero. Numquam vero ipsam optio quis cumque. Praesentium aut corrupti ut.\nVoluptas pariatur ducimus eum. Dolor amet quis eos quam.','1994-09-15 17:53:22',NULL),(406,15,15,24,NULL,NULL,NULL,16,NULL,'Ut mollitia illo maiores quos ea quia. Pariatur nostrum nostrum suscipit voluptatem provident. A vitae facilis sit mollitia. Excepturi perferendis omnis nam inventore voluptas vel.','1971-06-15 02:44:41','2002-01-29 11:27:42'),(407,8,8,3,NULL,NULL,NULL,17,NULL,'Quam quis laboriosam harum odit provident qui in ut. Natus modi est voluptatum.','2016-09-05 11:53:08','1989-05-29 04:11:33'),(408,24,24,17,NULL,NULL,NULL,18,NULL,'Voluptas eligendi vitae unde. Ut incidunt eveniet inventore rerum. Nihil hic dignissimos culpa illo qui rerum doloribus.','1986-05-02 16:56:49','2001-01-20 11:06:50'),(409,26,26,3,NULL,NULL,NULL,19,NULL,'Aut fuga ea corporis assumenda blanditiis. Atque vel incidunt consequuntur unde in fugiat. Sunt voluptas qui porro cupiditate tempora numquam sit ut. Explicabo et dolor qui modi quo suscipit quo.','2019-07-07 19:07:13',NULL),(410,17,17,20,NULL,NULL,NULL,20,NULL,'Nobis dolor non qui. Hic dolorum corrupti ut. Architecto eos omnis unde at quia.','1975-02-14 04:10:29','2003-04-02 20:59:11'),(411,53,23,30,NULL,NULL,NULL,21,NULL,'Explicabo aliquam dolorem hic debitis accusantium sit. Ducimus numquam qui architecto itaque consectetur vel non rerum. Numquam harum quae sit.','1993-12-16 15:43:51',NULL),(412,66,25,28,NULL,NULL,NULL,22,NULL,'Eos quae et officiis aut omnis. Aperiam ut sit cum quis aliquid. Asperiores cum minima necessitatibus praesentium pariatur.','1994-01-20 00:02:07',NULL),(413,12,12,26,NULL,NULL,NULL,23,NULL,'Autem accusantium minus at dignissimos. Nihil animi a vel itaque at quidem. Aperiam aliquam velit dolore provident nam sit sit. Quos ex et dignissimos ipsa reiciendis.','2000-08-21 15:41:05',NULL),(414,54,9,26,NULL,NULL,NULL,24,NULL,'In quidem perspiciatis odio assumenda laborum necessitatibus. Consequuntur provident officia accusantium consequuntur debitis. Quo excepturi dignissimos rem et aspernatur.','1987-03-22 03:08:33','1992-06-17 15:21:31'),(415,27,27,18,NULL,NULL,NULL,25,NULL,'Quia consequatur minus accusantium id et occaecati. Dolor aut quaerat commodi aperiam reiciendis qui non. Ullam repellat quisquam et harum. Fuga iure unde iste.','2003-04-29 02:48:34',NULL),(416,2,2,7,NULL,NULL,NULL,26,NULL,'Velit nulla quae repellat similique dolorem quis tempore eveniet. Rerum voluptatem beatae aspernatur ipsa eaque tempore perspiciatis. Ut magnam saepe est quod possimus voluptas ut.','1986-10-27 20:58:35',NULL),(417,56,16,16,NULL,NULL,NULL,27,NULL,'Eos tempora sit ea quos ut ex molestias. Eos voluptatum eveniet doloribus. Omnis quidem repellat ut quia quis fuga distinctio ut.','2010-09-16 19:30:20',NULL),(418,62,27,11,NULL,NULL,NULL,28,NULL,'Et sunt voluptatum enim mollitia laudantium vel impedit. Dolorum sed eos amet itaque eum facere. Fugit magni omnis laudantium.','1990-06-17 04:55:58','2013-06-10 18:51:17'),(419,30,30,9,NULL,NULL,NULL,29,NULL,'Libero sed officiis qui. Aut modi consequatur commodi officia. In consequatur totam aut quos at.\nCorrupti quia autem sint. Quo dolores exercitationem inventore alias. Qui ullam non perferendis ea.','2006-07-13 20:25:07','2003-01-20 12:02:32'),(420,37,15,30,NULL,NULL,NULL,30,NULL,'In ut qui dolorem voluptatem deserunt. Quam veritatis minima ut consequatur commodi officia rem. Reprehenderit aliquid et ea voluptates ea quo. Id velit delectus velit.','2018-11-21 03:58:34','1996-06-18 21:22:13'),(421,11,11,23,NULL,NULL,NULL,1,NULL,'Corporis officia qui quo eaque labore suscipit. Facere ex consequatur et dignissimos quos. Quas et rerum vel sequi quia eum qui cumque. Pariatur optio cum culpa itaque impedit quae.','1979-11-16 16:01:01',NULL),(422,10,10,18,NULL,NULL,NULL,2,NULL,'Repellendus quo consequatur ut illo laboriosam. Aliquam est repellat illum reiciendis nihil. Et qui omnis quam.','1996-02-24 04:13:19','1986-08-10 16:18:01'),(423,4,4,27,NULL,NULL,NULL,3,NULL,'Doloribus at commodi ut accusamus alias numquam veritatis. Eos maxime vel aut officiis. Qui dolor sapiente dolorem.','1973-04-28 03:31:02','2010-02-21 07:51:14'),(424,63,3,6,NULL,NULL,NULL,4,NULL,'Odit hic provident aut earum eum quia quis eum. Sint totam et et odio consequatur neque nisi. Non consectetur corrupti fuga ullam eum suscipit. Incidunt et aut et consequuntur fugit ut.','1990-11-25 15:17:49','1972-06-03 14:17:57'),(425,53,15,12,NULL,NULL,NULL,5,NULL,'Adipisci aspernatur animi corrupti minus id. Laborum pariatur enim quis iusto dignissimos dolorem animi esse. Quia nisi sunt laborum nulla quisquam error. Possimus et ratione ut odit.','2018-02-02 07:45:04','1979-07-05 03:26:04'),(426,23,23,25,NULL,NULL,NULL,6,NULL,'Magni nihil et enim minus. Aliquam placeat illum corporis occaecati quos sit id. Laboriosam et deserunt ut sed nesciunt. Qui quia consequuntur id.','1998-12-24 05:32:58','1990-01-01 23:11:07'),(427,39,10,11,NULL,NULL,NULL,7,NULL,'Animi veniam tenetur officiis harum aut. Labore pariatur dolorem voluptas ducimus mollitia. Dolorum earum praesentium ratione et. Molestiae eos provident similique non consectetur nobis hic.','2008-05-06 06:35:54',NULL),(428,7,7,7,NULL,NULL,NULL,8,NULL,'Alias eius modi aut in officiis doloribus ad. Occaecati ut quia voluptatibus iusto dolor id ex voluptas. Blanditiis harum laudantium aliquid vitae rem ipsum.','2006-07-19 21:42:28','1991-10-21 00:35:56'),(429,32,19,14,NULL,NULL,NULL,9,NULL,'Voluptatibus deserunt aliquam sit mollitia laudantium. Assumenda aut saepe commodi minima dolorem rerum. Dolore id et tenetur illo non omnis. Voluptas exercitationem sunt eum quia.','1987-03-06 09:35:01','2012-10-23 18:44:49'),(430,51,4,28,NULL,NULL,NULL,10,NULL,'Enim magni dolores aut optio aut iste id. Aperiam vero dolor et nesciunt. Ratione eligendi impedit maxime et.','2014-12-30 11:53:58','2018-08-09 07:06:44'),(431,50,9,5,NULL,NULL,NULL,11,NULL,'Debitis deleniti officia officia numquam consequatur porro ab. Et facilis quae quia excepturi natus quam. Consequatur velit dolorum rerum eaque. At quaerat molestiae possimus.','1975-04-17 08:40:09',NULL),(432,33,13,10,NULL,NULL,NULL,12,NULL,'Laudantium illo consequatur et placeat facilis deleniti odio. Eligendi alias et quas temporibus. Voluptas officiis voluptate id sequi.','2017-05-09 08:12:51','1993-10-10 02:00:22'),(433,5,5,20,NULL,NULL,NULL,13,NULL,'Magnam quos repellendus ut consectetur est. Non velit consequatur assumenda est fuga eos.','1993-02-08 11:36:58','1999-06-03 02:06:00'),(434,67,11,23,NULL,NULL,NULL,14,NULL,'Ducimus et hic consequatur consequuntur sed. Culpa omnis eos ratione qui voluptatibus aut nihil. Quo sint nobis labore quia qui.','1983-11-21 15:30:06','2021-07-07 19:35:37'),(435,9,9,7,NULL,NULL,NULL,15,NULL,'Eos molestiae distinctio ullam repudiandae nam. Ut ducimus asperiores natus modi consequuntur eaque ratione. Voluptates ea aut recusandae dolores qui facilis.','2004-04-27 09:09:25','1973-12-27 01:04:45'),(436,37,14,22,NULL,NULL,NULL,16,NULL,'Est nam reiciendis quaerat. Deleniti sed ea cupiditate doloribus rerum et. Est ut possimus mollitia et ipsam qui. Et ut qui consequuntur ducimus et quia.','1974-11-04 05:10:31',NULL),(437,25,25,1,NULL,NULL,NULL,17,NULL,'Ipsa culpa tempore consequuntur nam ut aspernatur. Quis vitae ratione quam in debitis et. Voluptas inventore odio et quia veniam. Qui neque eum nesciunt voluptas et iusto repellat.','2019-12-21 08:39:06','2011-02-11 15:27:02'),(438,50,3,7,NULL,NULL,NULL,18,NULL,'Error quibusdam beatae amet. Voluptate ut ut quis recusandae quia. Quidem expedita id in dolorum assumenda et.','2014-04-21 06:16:06',NULL),(439,66,16,25,NULL,NULL,NULL,19,NULL,'Vero eveniet odit explicabo quia delectus neque quod. Suscipit tempore vero dolores doloremque.','1971-04-17 05:44:20','1971-12-22 20:18:38'),(440,28,28,28,NULL,NULL,NULL,20,NULL,'Commodi voluptatem praesentium praesentium molestiae ea eius accusamus. Sit ut voluptas in laboriosam quae. Qui atque molestias fuga qui deleniti corporis. Cum eaque doloribus placeat et.','1979-09-05 12:41:22','1973-11-28 00:19:48'),(441,23,23,6,NULL,NULL,NULL,21,NULL,'Ut delectus eaque ut occaecati id. Expedita maxime nostrum aliquid tempora. Tempora illo laudantium sit occaecati sed.','2005-02-21 22:26:41',NULL),(442,34,13,19,NULL,NULL,NULL,22,NULL,'Qui sed placeat corrupti commodi nisi sequi eum. Officiis praesentium eius in laborum ipsa voluptatem asperiores sapiente. Omnis consectetur beatae est ad.','2018-12-21 16:48:32',NULL),(443,56,15,3,NULL,NULL,NULL,23,NULL,'Quis quaerat dolorem adipisci eius minima quo incidunt cupiditate. Maiores quae laudantium magni nulla qui iure. Officia eveniet recusandae placeat rem dolorem voluptatem maiores.','2012-12-04 06:31:07','2017-01-01 05:12:42'),(444,31,24,28,NULL,NULL,NULL,24,NULL,'Nihil deleniti repellat est ut dicta. Qui est ut ullam sit dolore repellat aperiam. Dolorum ducimus ratione quos. Illo inventore rerum laudantium eius sed.','1995-11-16 11:19:46',NULL),(445,13,13,17,NULL,NULL,NULL,25,NULL,'Saepe nemo repellendus veritatis ducimus est veritatis recusandae. Et ad at animi reprehenderit. Aut debitis tempora assumenda qui laboriosam animi eos.','1987-05-25 15:00:22','1970-08-29 09:57:26'),(446,28,28,1,NULL,NULL,NULL,26,NULL,'Consequuntur possimus commodi impedit fugiat consequatur. Est nesciunt nesciunt soluta est sint incidunt mollitia dolore. Consectetur dolore quibusdam corporis ullam.','1989-10-15 13:52:32',NULL),(447,8,8,30,NULL,NULL,NULL,27,NULL,'Autem ipsa voluptas similique numquam dolorem. Porro quo consequatur fuga. Dolorem quasi enim ex voluptatem et consequatur. Ut rerum id aliquid et odit occaecati.','2000-03-30 22:17:09','1998-06-12 22:08:48'),(448,10,10,3,NULL,NULL,NULL,28,NULL,'Sequi aliquam culpa nemo. Quas eaque quidem ea doloribus qui voluptates. Omnis qui amet nemo dolores nihil ea harum.','1992-02-28 11:24:50','1985-10-14 08:14:20'),(449,24,24,19,NULL,NULL,NULL,29,NULL,'Consequatur facere autem error voluptatem non. Soluta dignissimos nisi culpa hic. Tempore tenetur voluptatem non quo et repudiandae itaque explicabo.','2016-01-04 20:30:40',NULL),(450,10,10,26,NULL,NULL,NULL,30,NULL,'Illo ea natus velit consectetur accusantium repellat eveniet. Reiciendis quia quisquam qui ipsam iure ullam sed sequi. Ut voluptas et vel quidem velit.','1989-12-19 12:12:15',NULL),(451,5,5,24,NULL,NULL,NULL,NULL,51,'Est vero maiores quod iste. Eligendi laborum et repellat voluptatem vel. Labore nemo consequatur sunt harum. Molestiae consequuntur iste officiis quod temporibus in.','1982-05-12 13:40:36',NULL),(452,19,19,7,NULL,NULL,NULL,NULL,52,'Rem repellat voluptatem dolor illum inventore et. Soluta delectus enim libero dolores. Praesentium nesciunt quo est amet rerum perspiciatis consequatur.','1988-11-18 07:03:09',NULL),(453,62,2,22,NULL,NULL,NULL,NULL,53,'Dolor perspiciatis ea voluptas est omnis velit. Aut officiis reprehenderit voluptas sunt et reiciendis voluptatibus. Aliquid voluptas nihil similique quae illum modi.','2017-07-13 08:40:30','2010-01-05 03:40:27'),(454,68,15,4,NULL,NULL,NULL,NULL,54,'Iure quia autem eum est repellendus amet. Atque quasi veritatis incidunt sit. Aspernatur quae doloribus suscipit repellat omnis corporis explicabo. In quis modi odio illo id harum doloribus.','1971-08-09 22:04:42','2012-01-22 07:57:43'),(455,29,29,21,NULL,NULL,NULL,NULL,55,'Quia et cumque alias. Officiis sint accusantium recusandae sit. Ut culpa ut veniam quo est qui. Dolorum itaque nostrum vel inventore.','2011-06-11 19:07:27','1985-11-29 19:32:03'),(456,68,3,23,NULL,NULL,NULL,NULL,56,'Aut quam distinctio voluptatem omnis. Et illo ut dolores recusandae et qui ipsa. Amet quia dolores in temporibus aut dolor ea.','2017-03-08 17:15:22','2014-05-04 07:51:20'),(457,68,6,6,NULL,NULL,NULL,NULL,57,'Qui facilis quia nemo dolores est ut. Sed ex quis aut et sint repudiandae qui sint. Sed voluptatum nisi nam molestias.','1989-05-14 14:36:15',NULL),(458,68,10,9,NULL,NULL,NULL,NULL,58,'Voluptatem rerum sed omnis nobis vel. Ad dolor quisquam illum corporis. Dolore error voluptate libero rem odio voluptatem ad. Et dolore dolorum laboriosam et consequatur et atque dignissimos.','2017-11-29 16:53:30','2002-03-14 16:05:41'),(459,3,3,11,NULL,NULL,NULL,NULL,59,'Vel et sed harum aut quo ut delectus architecto. Nemo aut et est ipsum commodi. Quisquam ut est illo accusantium. Aut sit omnis eaque.','1973-01-19 10:01:16','1978-03-27 07:18:21'),(460,45,24,24,NULL,NULL,NULL,NULL,60,'Provident modi ad eum consequuntur porro. Voluptate vitae sed ut tempore sed molestias voluptatem omnis. Et unde velit in hic.','2003-10-23 20:37:42',NULL),(461,34,26,18,NULL,NULL,NULL,NULL,61,'Enim ut quos dolorum fugit. Voluptatem vel soluta consequatur beatae tempora. Fugiat voluptate veritatis amet aperiam maxime minima.','1974-01-28 11:46:22',NULL),(462,20,20,25,NULL,NULL,NULL,NULL,62,'Occaecati quisquam assumenda consequatur sint et ut. Nam id ipsum vel in alias. Soluta illum aut doloribus molestiae repudiandae sit suscipit. Sunt eius dolorem eum aut vel enim mollitia.','1996-02-29 02:35:53','2003-06-12 15:57:19'),(463,36,30,27,NULL,NULL,NULL,NULL,63,'Ut ad non illum esse eius quia exercitationem. Omnis cumque laborum eius est.','2006-09-09 04:50:28',NULL),(464,15,15,12,NULL,NULL,NULL,NULL,64,'Laudantium vel non rem quos hic quam rem sint. Molestiae dolores omnis vero voluptatem atque magni. Temporibus maxime et quibusdam cumque sit id consectetur.','2015-08-18 01:40:57',NULL),(465,24,24,2,NULL,NULL,NULL,NULL,65,'Porro neque voluptatem sit esse rerum est. Nesciunt officiis itaque repellendus quia libero iste eveniet. Excepturi dolor et sed inventore vel dolorem.','2015-10-18 22:19:56','1980-08-23 20:31:31'),(466,1,1,4,NULL,NULL,NULL,NULL,66,'Porro provident quae et at. Quaerat est sed beatae qui. Pariatur non incidunt pariatur quia voluptatem deleniti et. Voluptatem doloremque porro qui distinctio perspiciatis doloribus et.','1980-03-26 16:32:18',NULL),(467,54,9,10,NULL,NULL,NULL,NULL,67,'Optio sed quam similique sint eligendi ut eum. Voluptatem atque dolorem facilis in inventore similique qui possimus. Quis quam modi iste architecto. Doloribus voluptatum est velit aliquam et.','2002-11-30 09:47:26',NULL),(468,66,8,19,NULL,NULL,NULL,NULL,68,'Deleniti architecto aut saepe. Deserunt veniam ratione quae itaque dolores debitis. Et dicta libero qui id sapiente consequatur distinctio. Quod voluptatum voluptas eum et iure.','2012-06-01 22:58:01',NULL),(469,17,17,8,NULL,NULL,NULL,NULL,69,'Incidunt et eius rerum debitis dolor. Officia id exercitationem consectetur dolore velit. Qui ex at alias dolor.','2002-01-02 11:18:10',NULL),(470,41,29,2,NULL,NULL,NULL,NULL,70,'Ullam quis rerum necessitatibus. Sunt assumenda eaque vitae aut vel. Expedita odit est et error vel laudantium consequatur. Soluta voluptas voluptatem ut asperiores error explicabo omnis.','1999-06-06 17:36:10',NULL),(471,27,27,27,NULL,NULL,NULL,NULL,71,'Cum voluptatibus ab quis velit sapiente qui. Optio est sed amet vitae praesentium. Aliquam quidem beatae quisquam numquam aut provident asperiores.','2021-07-20 14:12:33',NULL),(472,67,21,1,NULL,NULL,NULL,NULL,72,'Minima expedita sint earum qui. Tempora fuga dolorem quia optio cum magnam rerum. Veniam itaque quae maxime occaecati pariatur eaque. Et sit provident animi aut. Quia ut omnis eum.','1977-06-08 17:13:10',NULL),(473,55,6,1,NULL,NULL,NULL,NULL,73,'Reprehenderit porro iusto sed veniam. Ipsa dolores eum vel ullam dicta inventore. Dolores hic nam consequatur sunt incidunt error beatae. Doloremque magnam est sunt adipisci.','1977-10-14 18:18:09',NULL),(474,47,12,30,NULL,NULL,NULL,NULL,74,'Vel voluptatem iure est facilis labore saepe. Cum eligendi earum recusandae voluptas qui minima est. Nisi in laboriosam fugiat quas non. Omnis facere quae earum odit ipsum omnis quis.','2012-09-23 13:04:17',NULL),(475,4,4,10,NULL,NULL,NULL,NULL,75,'Rerum natus commodi aut ratione aut et harum qui. Aspernatur enim molestiae eos facilis. Et sunt quia iure repellat. Tempore quos eum repudiandae nihil quibusdam possimus.','1993-10-05 03:02:21',NULL),(476,8,8,20,NULL,NULL,NULL,NULL,76,'Quasi eligendi et quia ullam eligendi vel. Qui enim et sunt voluptas. Occaecati ut non similique beatae temporibus aut magni omnis. Accusamus voluptas sapiente perspiciatis distinctio.','2000-04-19 23:24:23','1988-10-31 00:45:14'),(477,17,17,29,NULL,NULL,NULL,NULL,77,'Pariatur consequatur aut eius sit. Quos accusantium ad ut est expedita. Facere ut maxime quis vero.','1975-06-24 22:45:19','2009-09-17 19:48:18'),(478,38,14,7,NULL,NULL,NULL,NULL,78,'Ipsam et voluptas enim illum quia veniam. Et ipsa atque aut mollitia dolor. Facere dolore blanditiis et reiciendis veritatis. Praesentium velit quia repudiandae labore aliquid laboriosam sint.','2002-01-08 06:57:34','2013-10-20 12:07:10'),(479,11,11,16,NULL,NULL,NULL,NULL,79,'Sed reiciendis qui soluta numquam et animi ut. Qui libero rerum sunt quas quod similique. Et quas in cumque incidunt quae. Aspernatur est animi ut dolores dolorum totam.','1996-02-23 17:33:08',NULL),(480,30,30,14,NULL,NULL,NULL,NULL,80,'Deleniti et enim aut ducimus atque eius commodi. Hic quo similique nulla consequatur ullam. Hic ducimus non consequuntur impedit aut. Et dolor magni harum minima vel enim tempora.','2008-01-03 19:19:37','2005-01-16 11:25:35'),(481,33,19,26,NULL,NULL,NULL,NULL,81,'Natus esse ut ab ad autem architecto. Illum nulla ipsa sapiente. Enim qui non beatae qui nulla officiis nihil est.','2009-09-13 03:51:58',NULL),(482,26,26,17,NULL,NULL,NULL,NULL,82,'Sed aliquid provident ducimus blanditiis et. Est earum et quas autem aspernatur tempora aut sapiente. Voluptates dolorem rerum in ut perferendis.','2013-11-04 13:04:02',NULL),(483,27,27,23,NULL,NULL,NULL,NULL,83,'Eos et qui vel iusto vel. Neque accusamus eligendi nemo et quasi blanditiis. Minus aut non laudantium fuga. Minima cum vitae qui quae delectus et. Praesentium iusto quasi maxime nobis non excepturi.','1975-12-12 11:53:50',NULL),(484,28,28,5,NULL,NULL,NULL,NULL,84,'Fugit veritatis provident voluptate ex et. Quae nemo sit dolores omnis. Dolor quo ad ut. Aliquid debitis ut quam quisquam aliquam maiores quia.','2003-08-04 09:32:02','2016-03-18 06:33:33'),(485,25,25,27,NULL,NULL,NULL,NULL,85,'Vero nisi voluptates modi eligendi omnis. Dolores impedit vero aperiam optio adipisci eligendi voluptatibus. Non fugit natus aut. Asperiores tempore commodi dicta.','1982-12-10 22:00:11','1982-09-07 23:49:10'),(486,48,6,19,NULL,NULL,NULL,NULL,86,'Voluptate eum cupiditate dolorum et perspiciatis dolorem enim ab. Expedita aut placeat odio et. Aliquid nobis praesentium animi quaerat.','2016-12-09 18:41:01','1981-09-15 00:44:30'),(487,24,24,4,NULL,NULL,NULL,NULL,87,'Maxime voluptatem ut consequatur. Deserunt perferendis exercitationem est et aut dolores est. Provident et hic accusantium odio. Eos unde temporibus maiores debitis.','1987-02-10 09:34:13',NULL),(488,21,21,17,NULL,NULL,NULL,NULL,88,'Voluptatem numquam qui esse et quos asperiores. Reprehenderit delectus autem reprehenderit et. Alias voluptas sit aut deleniti.','2012-01-18 23:00:03',NULL),(489,35,4,8,NULL,NULL,NULL,NULL,89,'Sed nihil iusto aliquam nulla unde. Facere quia minus aut ut. Beatae similique vitae molestiae aut sunt eos nobis. Quam omnis iusto ipsum dolorum ut.','2001-10-31 14:09:48','2002-06-06 11:17:00'),(490,70,16,15,NULL,NULL,NULL,NULL,90,'Qui modi tempore voluptatem consequuntur corrupti qui. Omnis ex voluptas corrupti neque. Explicabo tenetur est consequatur esse perspiciatis quibusdam. Vero mollitia ex eligendi nulla id.','2011-01-08 06:19:00',NULL),(491,31,30,29,NULL,NULL,NULL,NULL,91,'Corporis amet omnis quam ut ut aut rerum eligendi. Numquam et impedit sed beatae perferendis omnis voluptates sapiente. Officiis aliquam officia qui laboriosam sit.','2020-05-14 06:36:21',NULL),(492,20,20,21,NULL,NULL,NULL,NULL,92,'Voluptatibus magnam natus alias. Explicabo minima iste omnis. Dolores vel sapiente accusantium est. Eum quaerat quidem provident reprehenderit. Magnam sunt rerum voluptas perspiciatis nam labore.','1980-05-08 23:07:35','2013-06-13 13:45:53'),(493,58,22,1,NULL,NULL,NULL,NULL,93,'Quasi vero ut ut dignissimos. Sunt dolores illo id suscipit. Sint facere quo odio ducimus tempora. In ut aut autem qui.','1985-12-17 16:21:34','2019-05-12 15:24:36'),(494,41,4,2,NULL,NULL,NULL,NULL,94,'Ex et dolores et iusto iusto commodi. Facilis aut sit optio recusandae distinctio ipsum. Eum corrupti commodi sit aperiam placeat est.','1989-01-20 05:58:17','2007-09-24 13:15:08'),(495,51,15,4,NULL,NULL,NULL,NULL,95,'Culpa nobis perferendis ullam ipsa. Commodi totam temporibus sit unde accusamus. Et accusamus nihil fuga vitae. Doloribus vitae expedita voluptatibus optio est.','1995-11-12 06:48:11','2008-06-17 04:04:30'),(496,42,5,10,NULL,NULL,NULL,NULL,96,'Consectetur dolores sint ratione. Quaerat dolorum ullam enim voluptatem qui ut.','1988-11-14 11:35:17',NULL),(497,15,15,22,NULL,NULL,NULL,NULL,97,'Itaque sint dolorem autem fuga quidem at et. Molestiae recusandae quis et recusandae. Amet eaque cum illo sit.','2009-09-09 01:31:08','2004-07-01 05:51:00'),(498,24,24,20,NULL,NULL,NULL,NULL,98,'Qui est assumenda voluptate dolorem nostrum fugiat. Sint quaerat distinctio doloribus qui ipsa. Expedita beatae eligendi qui necessitatibus et ipsum.','1995-03-09 10:48:46',NULL),(499,63,9,24,NULL,NULL,NULL,NULL,99,'Quis harum labore enim consequatur. Atque velit vel labore sapiente. Optio sunt exercitationem rerum qui quibusdam alias. Corporis et est est id nisi cum ducimus.','1979-04-11 13:33:26','1970-02-07 17:27:53'),(500,10,10,9,NULL,NULL,NULL,NULL,100,'Magnam voluptate iste similique laudantium sunt minus. Soluta rem repellat quibusdam et rerum temporibus ut ea. Consequatur ducimus excepturi voluptas vel culpa ut. Ut similique laborum sit et quos.','1984-10-11 18:27:14','1976-08-20 15:29:35'),(501,35,17,22,'Hello',NULL,NULL,NULL,NULL,NULL,'2021-08-01 01:40:26','2021-08-01 01:40:26'),(502,35,17,22,NULL,NULL,5,NULL,NULL,NULL,'2021-08-01 01:42:25','2021-08-01 01:42:25'),(503,35,17,22,NULL,NULL,5,NULL,NULL,'dsfsfs','2021-08-01 01:46:17','2021-08-01 01:46:17'),(504,35,17,22,NULL,NULL,5,NULL,NULL,NULL,'2021-08-01 01:46:25','2021-08-01 01:46:25');
/*!40000 ALTER TABLE `message` ENABLE KEYS */;
UNLOCK TABLES;
/*!50003 SET @saved_cs_client      = @@character_set_client */ ;
/*!50003 SET @saved_cs_results     = @@character_set_results */ ;
/*!50003 SET @saved_col_connection = @@collation_connection */ ;
/*!50003 SET character_set_client  = utf8mb4 */ ;
/*!50003 SET character_set_results = utf8mb4 */ ;
/*!50003 SET collation_connection  = utf8mb4_0900_ai_ci */ ;
/*!50003 SET @saved_sql_mode       = @@sql_mode */ ;
/*!50003 SET sql_mode              = 'STRICT_TRANS_TABLES,NO_ENGINE_SUBSTITUTION' */ ;
DELIMITER ;;
/*!50003 CREATE*/ /*!50017 DEFINER=`root`@`localhost`*/ /*!50003 TRIGGER `message_insert` BEFORE INSERT ON `message` FOR EACH ROW BEGIN
    IF NEW.text IS NOT NULL AND (NEW.photo_id IS NOT NULL OR NEW.document_id IS NOT NULL OR NEW.audio_id IS NOT NULL
                                 OR NEW.audio_id IS NOT NULL OR NEW.animation_id IS NOT NULL OR NEW.caption IS NOT NULL) 
	OR NEW.photo_id IS NOT NULL AND (NEW.text IS NOT NULL OR NEW.document_id IS NOT NULL OR NEW.audio_id IS NOT NULL
                                 OR NEW.audio_id IS NOT NULL OR NEW.animation_id IS NOT NULL) 
    OR NEW.document_id IS NOT NULL AND (NEW.photo_id IS NOT NULL OR NEW.text IS NOT NULL OR NEW.audio_id IS NOT NULL
                                 OR NEW.audio_id IS NOT NULL OR NEW.animation_id IS NOT NULL) 
	OR NEW.audio_id IS NOT NULL AND (NEW.photo_id IS NOT NULL OR NEW.document_id IS NOT NULL OR NEW.text IS NOT NULL
                                 OR NEW.audio_id IS NOT NULL OR NEW.animation_id IS NOT NULL) 
	OR NEW.animation_id IS NOT NULL AND (NEW.photo_id IS NOT NULL OR NEW.document_id IS NOT NULL OR NEW.audio_id IS NOT NULL
                                 OR NEW.audio_id IS NOT NULL OR NEW.text IS NOT NULL)
    THEN
        SIGNAL SQLSTATE '45000' 
        SET MESSAGE_TEXT = "Can't fill multiple fields at the same time (text, photo_id, document_id, audio_id, animation_id, caption)";
	END IF;
    IF  NEW.caption IS NOT NULL AND (NEW.photo_id IS NULL AND NEW.document_id IS NULL AND NEW.audio_id IS NULL
                                     AND NEW.audio_id IS NULL AND NEW.animation_id IS NULL) 
	THEN
         SIGNAL SQLSTATE '45000'
        SET MESSAGE_TEXT = "caption cannot be without media (text, photo_id, document_id, audio_id, animation_id, caption)";
    END IF;
END */;;
DELIMITER ;
/*!50003 SET sql_mode              = @saved_sql_mode */ ;
/*!50003 SET character_set_client  = @saved_cs_client */ ;
/*!50003 SET character_set_results = @saved_cs_results */ ;
/*!50003 SET collation_connection  = @saved_col_connection */ ;

--
-- Table structure for table `photo`
--

DROP TABLE IF EXISTS `photo`;
/*!40101 SET @saved_cs_client     = @@character_set_client */;
/*!50503 SET character_set_client = utf8mb4 */;
CREATE TABLE `photo` (
  `id` int unsigned NOT NULL AUTO_INCREMENT,
  `file_size` int NOT NULL,
  `width` int NOT NULL,
  `height` int NOT NULL,
  PRIMARY KEY (`id`)
) ENGINE=InnoDB AUTO_INCREMENT=26 DEFAULT CHARSET=utf8mb4 COLLATE=utf8mb4_unicode_ci;
/*!40101 SET character_set_client = @saved_cs_client */;

--
-- Dumping data for table `photo`
--

LOCK TABLES `photo` WRITE;
/*!40000 ALTER TABLE `photo` DISABLE KEYS */;
INSERT INTO `photo` VALUES (1,76414840,465,807),(2,0,451,419),(3,1938612,699,314),(4,26825136,257,904),(5,91874700,939,813),(6,473107,160,897),(7,18588545,0,91),(8,768,185,557),(9,2188,882,264),(10,9682075,243,528),(11,95,462,3),(12,8,50,533),(13,6829,809,112),(14,137258,263,50),(15,152,75,203),(16,2112,875,690),(17,96562,940,377),(18,995909658,662,696),(19,81730925,331,13),(20,1,742,92),(21,756450,161,877),(22,96715,185,827),(23,750689843,317,346),(24,6752,405,168),(25,917171,870,849);
/*!40000 ALTER TABLE `photo` ENABLE KEYS */;
UNLOCK TABLES;

--
-- Table structure for table `user`
--

DROP TABLE IF EXISTS `user`;
/*!40101 SET @saved_cs_client     = @@character_set_client */;
/*!50503 SET character_set_client = utf8mb4 */;
CREATE TABLE `user` (
  `id` int unsigned NOT NULL AUTO_INCREMENT,
  `first_name` varchar(45) CHARACTER SET utf8mb4 COLLATE utf8mb4_unicode_ci NOT NULL,
  `username` varchar(100) CHARACTER SET utf8mb4 COLLATE utf8mb4_unicode_ci DEFAULT NULL,
  `phone_number` bigint NOT NULL,
  `about_me` varchar(70) CHARACTER SET utf8mb4 COLLATE utf8mb4_unicode_ci DEFAULT NULL,
  `created_at` datetime NOT NULL DEFAULT CURRENT_TIMESTAMP,
  `updated_at` datetime DEFAULT NULL ON UPDATE CURRENT_TIMESTAMP,
  `deleted_at` datetime DEFAULT NULL,
  PRIMARY KEY (`id`),
  UNIQUE KEY `phone_number_UNIQUE` (`phone_number`),
  UNIQUE KEY `user_name_UNIQUE` (`username`)
) ENGINE=InnoDB AUTO_INCREMENT=31 DEFAULT CHARSET=utf8mb4 COLLATE=utf8mb4_unicode_ci;
/*!40101 SET character_set_client = @saved_cs_client */;

--
-- Dumping data for table `user`
--

LOCK TABLES `user` WRITE;
/*!40000 ALTER TABLE `user` DISABLE KEYS */;
INSERT INTO `user` VALUES (1,'Alvera','jamarcus70',79398314361,'harness leading-edge initiatives','2010-06-24 18:59:34','2021-07-31 19:29:20',NULL),(2,'Stella','ralph77',79537484678,'','1991-08-26 18:30:26','2021-07-31 19:29:20',NULL),(3,'William','strosin.constance',79460464442,'','1975-12-15 23:11:04','2021-07-31 19:29:20',NULL),(4,'Kaya','kkreiger',79523639146,'streamline global web-readiness','2009-11-09 19:25:34','2021-07-31 19:29:20',NULL),(5,'Bernhard','devante90',79581280083,'','1977-08-16 23:11:07','2021-07-31 19:29:20',NULL),(6,'Jermaine','kparisian',79204652619,'','1970-06-16 07:49:59','2021-07-31 19:29:20',NULL),(7,'Sadye','feeney.tressie',79542580504,'orchestrate interactive platforms','1995-05-03 19:57:22','2021-07-31 19:29:20',NULL),(8,'Amaya','reynolds.gilbert',79894868605,'','1986-08-16 07:24:41','2021-07-31 19:29:20',NULL),(9,'Victoria','ana.mills',79319923587,'aggregate frictionless synergies','1979-09-17 12:53:40','2021-07-31 19:29:20',NULL),(10,'Rylee','ppacocha',79130508716,'grow cutting-edge supply-chains','2020-11-06 00:03:37','2021-07-31 19:29:20',NULL),(11,'Esperanza','farrell.pasquale',79773669354,'','2015-05-30 19:01:53','2021-07-31 19:29:20',NULL),(12,'Victor','king04',79992452626,'','1976-03-16 23:05:45','2021-07-31 19:29:20',NULL),(13,'Magdalen','marlon94',79684659459,'','1995-03-31 05:55:07','2021-07-31 19:29:20',NULL),(14,'Hallie','maurice.bahringer',79255226948,'','1989-12-22 15:14:45','2021-07-31 19:29:20',NULL),(15,'Merlin','tbeahan',79754682920,'','2002-08-11 02:57:30','2021-07-31 19:29:20',NULL),(16,'Bernhard','telly61',79693363039,'','2009-03-05 13:27:17','2021-07-31 19:29:20',NULL),(17,'Nellie','ettie93',79379826716,'utilize killer deliverables','2010-09-30 04:34:43','2021-07-31 19:29:20',NULL),(18,'Kaylie','craig.jacobson',79353331050,'','1973-12-19 16:45:30','2021-07-31 19:29:20',NULL),(19,'Susan','bobby.glover',79629437016,'','1970-09-18 13:34:11','2021-07-31 19:29:20',NULL),(20,'Lorenza','kayli51',79742878163,'','2001-09-25 01:53:30','2021-07-31 19:29:20',NULL),(21,'Stan','jacobson.piper',79264261828,'envisioneer granular communities','1979-03-17 16:37:14','2021-07-31 19:29:20',NULL),(22,'Joe','rhea.zboncak',79759928407,'expedite best-of-breed eyeballs','1989-12-12 02:00:06','2021-07-31 19:29:20',NULL),(23,'Jayne','zack71',79069184580,'','2006-06-04 12:14:45','2021-07-31 19:29:20',NULL),(24,'Augustine','o\'connell.chloe',79899684428,'innovate cross-platform action-items','1973-01-09 02:11:25','2021-07-31 19:29:20',NULL),(25,'Molly','josie56',79523990462,'','2008-01-02 23:04:06','2021-07-31 19:29:20',NULL),(26,'Birdie','madilyn56',79277269383,'benchmark B2B interfaces','1990-01-19 02:20:08','2021-07-31 19:29:20',NULL),(27,'Dashawn','simonis.zackery',79163791868,'transition customized action-items','1970-08-22 05:06:06','2021-07-31 19:29:20',NULL),(28,'Edythe','mmohr',79618643291,'syndicate impactful bandwidth','1986-03-24 11:15:49','2021-07-31 19:29:20',NULL),(29,'Larry','wolff.saige',79663946112,'optimize killer portals','1979-07-18 08:54:45','2021-07-31 19:29:20',NULL),(30,'Brody','crystel00',79849184557,'deliver vertical e-markets','2013-10-13 21:41:43','2021-07-31 19:29:20',NULL);
/*!40000 ALTER TABLE `user` ENABLE KEYS */;
UNLOCK TABLES;

--
-- Dumping events for database 'telegram'
--

--
-- Dumping routines for database 'telegram'
--
/*!50003 DROP PROCEDURE IF EXISTS `prepare_data` */;
/*!50003 SET @saved_cs_client      = @@character_set_client */ ;
/*!50003 SET @saved_cs_results     = @@character_set_results */ ;
/*!50003 SET @saved_col_connection = @@collation_connection */ ;
/*!50003 SET character_set_client  = utf8mb4 */ ;
/*!50003 SET character_set_results = utf8mb4 */ ;
/*!50003 SET collation_connection  = utf8mb4_0900_ai_ci */ ;
/*!50003 SET @saved_sql_mode       = @@sql_mode */ ;
/*!50003 SET sql_mode              = 'STRICT_TRANS_TABLES,NO_ENGINE_SUBSTITUTION' */ ;
DELIMITER ;;
CREATE DEFINER=`root`@`localhost` PROCEDURE `prepare_data`()
BEGIN
    DECLARE i INT DEFAULT 1; 
    WHILE i <= 20 DO 
       UPDATE chat
       SET channel_id = i
       WHERE id = 50 + i;
	SET i = i + 1; 
    END WHILE;
END ;;
DELIMITER ;
/*!50003 SET sql_mode              = @saved_sql_mode */ ;
/*!50003 SET character_set_client  = @saved_cs_client */ ;
/*!50003 SET character_set_results = @saved_cs_results */ ;
/*!50003 SET collation_connection  = @saved_col_connection */ ;

--
-- Final view structure for view `groups_info`
--

/*!50001 DROP VIEW IF EXISTS `groups_info`*/;
/*!50001 SET @saved_cs_client          = @@character_set_client */;
/*!50001 SET @saved_cs_results         = @@character_set_results */;
/*!50001 SET @saved_col_connection     = @@collation_connection */;
/*!50001 SET character_set_client      = utf8mb4 */;
/*!50001 SET character_set_results     = utf8mb4 */;
/*!50001 SET collation_connection      = utf8mb4_0900_ai_ci */;
/*!50001 CREATE ALGORITHM=UNDEFINED */
/*!50013 DEFINER=`root`@`localhost` SQL SECURITY DEFINER */
/*!50001 VIEW `groups_info` AS select `g`.`title` AS `title`,`u`.`first_name` AS `first_name`,`gm`.`administrator` AS `administrator`,`gm`.`ban` AS `ban` from ((`group_member` `gm` join `group` `g` on((`g`.`id` = `gm`.`group_id`))) join `user` `u` on((`gm`.`user_id` = `u`.`id`))) */;
/*!50001 SET character_set_client      = @saved_cs_client */;
/*!50001 SET character_set_results     = @saved_cs_results */;
/*!50001 SET collation_connection      = @saved_col_connection */;
/*!40103 SET TIME_ZONE=@OLD_TIME_ZONE */;

/*!40101 SET SQL_MODE=@OLD_SQL_MODE */;
/*!40014 SET FOREIGN_KEY_CHECKS=@OLD_FOREIGN_KEY_CHECKS */;
/*!40014 SET UNIQUE_CHECKS=@OLD_UNIQUE_CHECKS */;
/*!40101 SET CHARACTER_SET_CLIENT=@OLD_CHARACTER_SET_CLIENT */;
/*!40101 SET CHARACTER_SET_RESULTS=@OLD_CHARACTER_SET_RESULTS */;
/*!40101 SET COLLATION_CONNECTION=@OLD_COLLATION_CONNECTION */;
/*!40111 SET SQL_NOTES=@OLD_SQL_NOTES */;

-- Dump completed on 2021-08-01  3:22:42
